Workbook

Sheet Schedule
C1: Installers | G1: Assemblers
C2: Hao, Yaopeng, Mark, Wassim, Mitch, Christine, Josh | G2: 3 persons per shift
B3: time | C3: 45546 | D3: 45294 | E3: 45356 | G3: 45294 | H3: 45356 | I3: 45419
A4: Wed | B4: 45294 | C4: - | D4: - | E4: -
A5: Thu | B5: 45295 | C5: Hao-Yaopeng | D5: Wassim-Mitch | E5: Christine-Josh
A6: Fri | B6: 45296 | C6: board repairs | D6: Christine-Mark | E6: Hao-Yaopeng
A7: Sat | B7: 45297 | C7: Wassim-Mitch | D7: Christine-Mark | E7: Hao-Yaopeng
A8: Sun | B8: 45298
A9: Mon | B9: 45299 | C9: analysis meeting | D9: Mark-Hao | E9: Yaopeng-Wassim | G9: Yaopeng-Mitch-Casey | H9: Mike-Mark | I9: Julie-MArk-Josh
A10: Tue | B10: 45300 | C10: Christine-Mark | D10: Hao-Yaopeng | E10: Wassim-Mitch | G10: Mitch-Mark | H10: Yaopeng
A11: Wed | B11: 45301 | C11: Mark-Hao | D11: Yaopeng-Wassim | E11: Mitch-Christine | G11: Mitch-Mark-Christine | H11: Yaopeng-Wassim
A12: Thu | B12: 45302 | C12: analysis meeting | D12: Wassim-Mitch | E12: Christine-Mark | H12: Yaopeng-Mitch | I12: Mark-Wassim
A13: Fri | B13: 45303 | C13: Yaopeng-Wassim | D13: Mitch-Christine | E13: Mark-Hao | G13: Mike-Mark-Casey | H13: Yaopeng-Wassim-Christine
A14: Sat | B14: 45304 | C14: Wassim-Mitch | D14: Christine-Mark | E14: Hao-Yaopeng | H14: Mark
A15: Sun | B15: 45305
A16: Mon | B16: 45306 | C16: analysis meeting | D16: Mark-Hao | E16: Yaopeng-Wassim | H16: Mark-Christine
A17: Tue | B17: 45307 | C17: Christine-Mark | D17: Hao-Yaopeng | E17: Wassim-Mitch | G17: Mark
A18: Wed | B18: 45308 | C18: Mark-Hao | D18: Yaopeng-Wassim | E18: Mitch-Christine | G18: Mark
A19: Thu | B19: 45309 | C19: analysis meeting | D19: Wassim-Mitch | E19: Christine-Mark | G19: Mark
A20: Fri | B20: 45310 | C20: Yaopeng-Wassim | D20: Mitch-Christine | E20: Mark-Hao | G20: Mark
A21: Sat | B21: 45311 | C21: Wassim-Mitch | D21: Christine-Mark | E21: Hao-Yaopeng | H21: Mark
A22: Sun | B22: 45312
A23: Mon | B23: 45313 | C23: Beam is back

Sheet Special runs
A1: cosmics, LED, other stuff | H1: HV
A2: day | B2: run | C2: purpose
A3: sept 15 | B3: 1104 | C3: cosmics | D3: 10h | H3: cosmics | J3: https://logbooks.jlab.org/entry/4179529
A4: sept 20 | B4: 1298 | C4: cosmics | D4: 3h | J4: https://logbooks.jlab.org/entry/4183880
A5: sept 23 | B5: 1371 | C5: LED | D5: 40 min
A6: sept 23 | B6: 1370 | C6: LED | D6: 33 min
A7: sept 26 | B7: 1443 | C7: cosmics | D7: 6h | J7: https://logbooks.jlab.org/entry/4187682
A8: Sept 28 | B8: 1479 | C8: cosmics | D8: 8h | F8: TS2: 12411 | H8: HV-25V | J8: https://logbooks.jlab.org/entry/4188808
A9: sept 28 | B9: 1492 | C9: cosmics | D9: 3h | F9: TS2: 5873 | H9: HV-25V | J9: https://logbooks.jlab.org/entry/4188943
A10: 45201 | B10: 1563 | C10: cosmics | D10: 2h | F10: TS2:4031 | J10: https://logbooks.jlab.org/entry/4191130
A11: 45201 | B11: 1565 | C11: LED | D11: 33 min | F11: T2=24866153
A12: 45201 | B12: 1564 | C12: LED | D12: 33 min | F12: T2=23271036
B13: 1569 | C13: alignement check from 9 to 3 m | D13: from 9 to 3 m
B14: 1570 | C14: alignments check from 9 to 3m
A15: 45205 | B15: 1660 | C15: LED | D15: 23 min | F15: production HV
A16: 45210 | B16: 1771 | C16: LED | D16: 138 min
B17: 1772 | C17: LED | D17: 3 min | F17: https://logbooks.jlab.org/entry/4197192
B18: 1773 | C18: LED | D18: 26 min
B19: 1774 | C19: cosmics | D19: 2.5 h
A20: 45211 | B20: 1795 | C20: cosmics | D20: 4h
A21: 45216 | B21: Moller_1839 | D21: Start 12:15
B22: Moller_1840
B23: Moller_1841
B24: Moller_1842
B25: Moller_1843
B26: Moller_1844
B27: Moller_1845
B28: Moller_1846 | D28: End 15:26 | E28: Total time 3:11
B30: run | C30: purpose | D30: Ibeam (uA) | E30: HMS mom | F30: HMS angle | G30: SHMS angle | H30: calo angle | I30: calo distance | J30: target
A31: 45219 | B31: 1983 | C31: J/Psi background est | D31: 30 | E31: =5.878 -> 5.878 | F31: 16.48 | G31: 35.03 | H31: 18.76 | I31: 3 | J31: LH2
B32: 1984 | C32: J/Psi background est | D32: 30 | E32: =5.878 -> 5.878 | F32: 16.48 | G32: 35.03 | H32: 18.76 | I32: 3 | J32: LH2
B34: 1985 | C34: LED | D34: 2min | E34: 37000 events | F34: DAC=55 only col 16
B35: 1986 | C35: LED | D35: 2min | F35: DAC=55 only col 16
A37: 0ct-23rd | B37: 2133 | C37: Beam Studies | D37: 35mins | E37: T6 = 1925415 | F37: ps6=0 | G37: Ibeam ~ 22.68 | H37: 34.09mC
B38: 2134 | C38: DAQ Debug w/ Alexander | D38: 0.45208333
B39: ↓
B40: 2154 | D40: 0.53819444
B41: 2155 | C41: BCM Calib | D41: 9.71min | F41: ps6=0
B42: 2157 | C42: BCM Calib | D42: 132.22 mins | F42: ps6=0
A44: 45240 | B44: 2828 | C44: LED | D44: large WF window, col 12-14, dac=55
A46: 45243 | B46: 2888-2897 | C46: LED | D46: large wf window, all columns, two different DAC
A48: 45250 | B48: Background positron studies SHMS = 32.90 deg
A49: Run #3086 ---- LH2 ----- 36 uA ---- EDTM 500 Hz
A50: Run #3087 ---- LD2 ----- 13 uA ---- EDTM 500 H
B51: Background positron studies SHMS = 28.76 deg
A52: Run #3088 ---- LD2 ----- 8 uA ----- EDTM 500 Hz
A53: Run #3089 ---- LD2 ----- 8 uA ----- EDTM 40 Hz
A54: Run #3090 ---- LD2 ----- 8 uA ----- EDTM 40 Hz
A55: Run #3091 ---- LH2 ----- 24 uA ---- EDTM 40 Hz
A56: Run #3092 ---- LH2 ----- 24 uA ---- EDTM 40 Hz
A57: Run #3093 ---- LD2 ----- 8 uA ----- EDTM 40 Hz | D57: Junk
A58: Run #3094 ---- LD2 ----- 8 uA ----- EDTM 40 Hz
A60: Carbon hole runs taken after the long beam down period due to the beam strike in the NL separator magnet/vac chamber
A61: day | B61: run# | C61: Type | D61: SHMS angle | E61: Ibeam (uA) | F61: charge (mC) | G61: Ts3 event # | H61: duration (min) | I61: target | J61: prescale | K61: coin status | L61: comments
A62: 45385 | B62: 5502 | C62: Carbon Hole | D62: 37.95 | E62: 5 | F62: 5.85 | G62: 86260 | H62: 30 | I62: Carbon Hole | J62: ps3=0 | K62: sparse | L62: 1st run back after seperator magnet issue | O62: EDTM @ 40Hz
B63: 5503 | C63: Carbon Hole | D63: 37.95 | E63: 5 | F63: 9.94 | G63: 7549 | H63: 8.43 | I63: Carbon Hole | J63: ps3=0 | K63: sparse | L63: EDTM @ 40Hz
B64: 5504 | C64: Carbon Hole | D64: 37.95 | E64: 10 | F64: 12.66 | G64: 20869 | H64: 24.72 | I64: Carbon Hole | J64: ps3=0 | K64: sparse | L64: EDTM off | M64: Carbon hole visible
B65: 5505 | C65: Carbon Hole | D65: 37.95 | E65: 10 | F65: 12.68 | G65: 25067 | H65: 29.25 | I65: Carbon Hole | J65: ps3=0 | K65: sparse | L65: EDTM off | M65: Carbon hole visible | O65: https://logbooks.jlab.org/entry/4272935
B66: 5506 | C66: Carbon Hole | D66: 37.95 | E66: 10 | F66: 4.53 | G66: 12658 | H66: 40.84 | I66: Carbon Hole | J66: ps3=0 | K66: sparse | L66: EDTM off | M66: carbon hole visible
B67: 5507 | C67: Carbon Hole | D67: 37.95 | E67: 10 | F67: 8.54 | G67: 14253 | H67: 19.95 | I67: Carbon Hole | J67: ps3=0 | K67: sparse | L67: EDTM off | M67: carbon hole visible and centered | O67: https://logbooks.jlab.org/entry/4272960
A69: E-P Elastic runs taken after the long beam down period due to the beam strike in the NL separator magnet/vac chamber
A70: day | B70: run# | C70: Type | D70: SHMS angle | E70: HMS angle | F70: Ibeam (uA) | G70: charge (mC) | H70: Ts4 event # | I70: duration (min) | J70: target | K70: prescale | L70: coin status | M70: comments
A71: 45385 | B71: 5508 | C71: E-P Elastic | D71: 37.95 | E71: 23 | F71: 30 | G71: 20.85 | H71: 299302 | I71: 20.45 | J71: LH2 | K71: ps4=0 | L71: off | M71: Nominal Hall C Target Positions Changetd to beam center in CH runs https://logbooks.jlab.org/entry/4272995 | T71: NPS Correctors off https://logbooks.jlab.org/entry/4272969 | X71: EDTM back to 40Hz
B72: 5509 | C72: E-P Elastic | D72: 37.95 | E72: 23 | F72: 30 | G72: 18.04 | H72: 140571 | I72: 11.81 | J72: dummy | K72: ps4=0 | L72: off
B73: 5510 | C73: E-P Elastic | D73: 37.95 | E73: 23 | F73: 30 | G73: 6.84 | H73: 194876 | I73: 30.86 | J73: LD2 | K73: ps4=0 | L73: off
B74: 5511 | C74: E-P Elastic | D74: 37.95 | E74: 23 | F74: 30 | G74: 17.07 | H74: 318404 | I74: 10.31 | J74: LD2 | K74: ps4=0 | L74: off
B75: 5512 | C75: Junk | D75: 37.95 | E75: 23 | F75: n/a | G75: 0 | H75: 34718 | I75: 14.24 | J75: LH2 | K75: ps4=0 | L75: off | M75: No beam
B76: 5513 | C76: E-P Elastic | D76: 37.95 | E76: 23 | F76: 30 | G76: 39.13 | H76: 352041 | I76: 24.61 | J76: LH2 | K76: ps4=0 | L76: off
B77: 5514 | C77: E-P Elastic | D77: 36.83 | E77: 37.722 | F77: 30 | G77: 41.91 | H77: 81098 | I77: 29.58 | J77: LH2 | K77: ps4=0 | L77: off | M77: NPS Correctors off https://logbooks.jlab.org/entry/4273247 | Q77: HMS Dipoe NMR https://logbooks.jlab.org/entry/4273136
B78: 5515 | C78: E-P Elastic | D78: 36.83 | E78: 37.722 | F78: 30 | G78: 42.42 | H78: 84307 | I78: 30.69 | J78: LH2 | K78: ps4=0 | L78: off
B79: 5516 | C79: E-P Elastic | D79: 36.83 | E79: 37.722 | F79: 30 | G79: 51.14 | H79: 82469 | I79: 39.74 | J79: LH2 | K79: ps4=0 | L79: off
B80: 5517 | C80: E-P Elastic | D80: 36.83 | E80: 37.722 | F80: 5 | G80: 7.4 | H80: 20500 | I80: 30.62 | J80: LH2 | K80: ps4=0 | L80: off | M80: EDTM Set to 5Hz | O80: Raster at 4x4 mm^2 https://logbooks.jlab.org/entry/4273329
B81: 5518 | C81: E-P Elastic | D81: 36.83 | E81: 37.722 | F81: 5 | G81: 8.61 | H81: 20132 | I81: 29.8 | J81: LH2 | K81: ps4=0 | L81: off | M81: EDTM Set to 5Hz | O81: Raster at 4x4 mm^2
B82: 5519 | C82: E-P Elastic | D82: 36.83 | E82: 37.722 | F82: 25 | G82: 12.23 | H82: 29906 | I82: 9.71 | J82: dummy | K82: ps4=0 | L82: off | M82: EDTM Set to 40Hz | O82: Raster at 2x2 mm^2
B83: 5520 | C83: Junk | D83: 36.83 | E83: 37.722 | F83: 30 | G83: 0 | H83: 0 | I83: 1 | J83: LH2 | K83: ps4=0 | L83: off
B84: 5521 | C84: E-P Elastic | D84: 36.83 | E84: 37.722 | F84: 15 | G84: 24.12 | H84: 26924 | I84: 35.21 | J84: LH2 | K84: ps4=0 | L84: off | M84: EDTM Set to 10Hz | O84: Raster at 4x4 mm^2
B85: 5522 | C85: E-P Elastic | D85: 36.83 | E85: 37.722 | F85: 30 | G85: 0 | H85: 0 | I85: 35 | J85: LD2 | K85: ps4=0 | L85: off | M85: Raster at 2x2 mm^2 | O85: No end of run in log
A87: 45403 | B87: 6145 | C87: BCM Calibration | D87: 37.59 | E87: 27.795 | F87: n/a | G87: 27.72 | H87: 190090 | I87: 77.46 | J87: Out of beam | K87: ps4=0 | L87: sparse | M87: BCM Calibration, three cycles, MCC could not achive 40uA so 30uA was maximum current | S87: https://logbooks.jlab.org/entry/4286409
A89: Pump speed tests
A90: 45407 | B90: 6213 | C90: Loop 2 pump speed 48Hz | D90: 32.87 | E90: 22.935 | F90: 30 | G90: 33.58 | H90: 686449 | I90: 20.5 | J90: LH2 | K90: ps4=0 | L90: sparse | M90: test of varying the loop 2 heater pump to induce boiling at various rates under constant beam current to evluate the issues in loop 2 | U90: https://logbooks.jlab.org/entry/4288746 | X90: https://logbooks.jlab.org/entry/4288761 | AA90: https://logbooks.jlab.org/files/2024/04/4288762/nps_hms_coin_6213_50k.pdf
B91: xxxx | C91: Loop 2 pump speed 38Hz | D91: 32.87 | E91: 22.935 | F91: 30 | G91: 0 | H91: 0 | I91: 0 | J91: LH2 | K91: ps4=0 | L91: sparse | M91: fan speed at 38Hz | O91: aborted pump behiving eratically
B92: 6214 | C92: Loop 2 pump speed 40Hz | D92: 32.87 | E92: 22.935 | F92: 30 | G92: 0.94 | H92: 27620 | I92: 3.48 | J92: LH2 | K92: ps4=0 | L92: sparse | M92: fan speed at 40Hz | O92: aborted pump behiving eratically
B93: 6215 | C93: Loop 2 pump speed 42Hz | D93: 32.87 | E93: 22.935 | F93: 30 | J93: LH2 | K93: ps4=0 | L93: sparse | M93: fan speed at 42Hz | O93: https://logbooks.jlab.org/entry/4288793 | R93: https://logbooks.jlab.org/files/2024/04/4288795/nps_hms_coin_6215_50k.pdf
B94: 6216 | C94: Loop 2 pump speed 45Hz | D94: 32.87 | E94: 22.935 | F94: 30 | G94: 22.58 | H94: 496041 | I94: 21.09 | J94: LH2 | K94: ps4=0 | L94: sparse | M94: fan speed at 45Hz | O94: https://logbooks.jlab.org/entry/4288801 | R94: https://logbooks.jlab.org/files/2024/04/4288834/nps_hms_coin_6216_50k.pdf
B96: 6350 | C96: Loop 2 pump fan reversed 56Hz | D96: 32.867 | E96: 22.935 | F96: 20 | G96: 16.49 | H96: 359337 | I96: 13.76 | J96: LH2 | K96: ps4=0 | L96: sparse | M96: fanp pump reversed flow
B97: 6351 | C97: Loop 2 pump fan reversed 56Hz | D97: 32.867 | E97: 22.935 | F97: 10 | G97: 5.5 | H97: 149531 | I97: 10.87 | J97: LH2 | K97: ps4=0 | L97: sparse | M97: fanp pump reversed flow
B98: 6352 | C98: Loop 2 pump speed 45Hz | D98: 32.867 | E98: 22.935 | F98: 2 | G98: 2.38 | H98: 88387 | I98: 18.83 | J98: LH2 | K98: ps4=0 | L98: sparse | M98: fan pump forward low current run at 44Hz
B99: 6353 | C99: Loop 2 pump speed 45Hz | D99: 32.867 | E99: 22.935 | F99: 5 | G99: 1.9 | H99: 52266 | I99: 6.7 | J99: LH2 | K99: ps4=0 | L99: sparse | M99: fan pump forward low current run at 44Hz
B100: 6354 | C100: Loop 2 pump speed 38Hz | D100: 32.867 | E100: 22.935 | F100: 5 | G100: 4.1 | H100: 113732 | I100: 15.13 | J100: LH2 | K100: ps4=0 | L100: sparse | M100: controller swapped 1->2
B101: 6355 | C101: Loop 2 pump speed 38Hz | D101: 32.867 | E101: 22.935 | F101: 30 | G101: 23.41 | H101: 517220 | I101: 13.9 | J101: LH2 | K101: ps4=0 | L101: sparse | M101: controller swapped 1->2
A104: day | B104: run | C104: purpose | D104: Ibeam (uA) | E104: HMS mom | F104: HMS angle | G104: SHMS angle | H104: calo angle | I104: calo distance | J104: target | K104: Beam pass | L104: Collimator | M104: Presscale | N104: event # | O104: duration (min) | P104: Charge Accumulated
A105: 45421 | B105: 6702 | C105: HMS Elastic Production | D105: 30 | E105: -4.042 | F105: 24.43 | G105: 37.505 | H105: =G105-16.3 -> 21.205 | I105: 3.5m | J105: LH2 | K105: 3 | L105: Large | M105: ps4=0 | N105: 291484 | O105: 36.93 | P105: 40.52 | Q105: Raster size incorrect | S105: Raster wasn't reinitialized for 3-pass
B106: 6703 | C106: HMS Elastic Production | D106: 30 | E106: -4.042 | F106: 24.855 | G106: 37.505 | H106: =G106-16.3 -> 21.205 | I106: 3.5m | J106: LH2 | K106: 3 | L106: Large | M106: ps4=0 | N106: 304584 | O106: 39.85 | P106: 57.54 | Q106: Raster size incorrect
B107: 6704 | C107: HMS Elastic Production | D107: 20 | E107: -4.042 | F107: 24.855 | G107: 37.505 | H107: =G107-16.3 -> 21.205 | I107: 3.5m | J107: dummy | K107: 3 | L107: Large | M107: ps4=0 | N107: 9805 | O107: 2.86 | P107: 1.09 | Q107: Raster size incorrect
B108: 6705 | C108: HMS Elastic Production | D108: 20 | E108: -4.042 | F108: 24.855 | G108: 37.505 | H108: =G108-16.3 -> 21.205 | I108: 3.5m | J108: dummy | K108: 3 | L108: Large | M108: ps4=0 | N108: 106427 | O108: 20.65 | P108: 21.49
B109: 6706 | C109: HMS Elastic Production | D109: 30 | E109: -4.042 | F109: 24.855 | G109: 37.505 | H109: =G109-16.3 -> 21.205 | I109: 3.5m | J109: LH2 | K109: 3 | L109: Large | M109: ps4=0 | N109: 245623 | O109: 30.02 | P109: 48.96
B110: 6707 | C110: HMS Elastic Production | D110: 20 | E110: -4.042 | F110: 24.855 | G110: 37.505 | H110: =G110-16.3 -> 21.205 | I110: 3.5m | J110: LD2 | K110: 3 | L110: Large | M110: ps4=0 | N110: 176816 | O110: 18.93 | P110: 19.27
B111: 6708 | C111: HMS Elastic Production | D111: 30 | E111: -4.042 | F111: 23.287 | G111: 37.505 | H111: =G111-16.3 -> 21.205 | I111: 3.5m | J111: LH2 | K111: 3 | L111: Large | M111: ps4=0 | N111: 185456 | O111: 16.4 | P111: 13.23
A113: 45425 | B113: 6828 | C113: HMS Elastic Production | D113: 20 | E113: -4.042 | F113: 24.86 | G113: 37.5 | H113: =G113-16.3 -> 21.2 | I113: 3.5m | J113: LH2 | K113: 3 | L113: Large | M113: ps4=0 | N113: 184254 | O113: 32.72 | P113: 32.87 | Q113: 25psi, 58Hz
B114: 6829 | C114: HMS Elastic Production | D114: 20 | E114: -4.042 | F114: 24.86 | G114: 37.5 | H114: =G114-16.3 -> 21.2 | I114: 3.5m | J114: LH2 | K114: 3 | L114: Large | M114: ps4=0 | N114: 190845 | O114: 31.51 | P114: 35.98 | Q114: 25psi, 58Hz
...

Sheet 5p_commissionning
E1: HMS mom | F1: HMS angle | G1: SHMS angle | H1: calo angle | I1: calo distance | L1: Collimator
A2: day | B2: run | C2: purpose | D2: Ibeam (uA) | J2: target | K2: Beam pass | M2: Presscale | N2: event # | O2: duration (min) | P2: Charge Accumulated | Q2: comments
A3: 45183 | B3: 1139 | C3: BPM calibration | D3: pulsed | I3: 9.5 | J3: none | K3: 5 | Q3: beam position ( -0.5 | 2.0 | -1.5 | 2.0)
B4: 1140 | C4: BPM calibration | D4: pulsed | I4: 9.5 | J4: none | K4: 5 | Q4: beam position ( -0.5 | -2.0 | -1.5 | -2.0)
B5: 1141 | C5: BPM calibration | D5: pulsed | I5: 9.5 | J5: none | K5: 5 | Q5: beam position (3.3 | 2.0 | 2.6 | 2.0)
B6: 1142 | C6: BPM calibration | D6: pulsed | I6: 9.5 | J6: none | K6: 5 | Q6: beam position (1.5 | 0.0 | 0.5 | 0.0)
A7: 45184 | B7: 1144 | C7: HMS checkout - Q2 defocused | D7: 10 | E7: -4.367 | F7: 36.2 | G7: =H7+16.3 -> 36.3 | H7: 20 | I7: 9.5 | J7: LD2 | K7: 5 | Q7: ps3=2
B8: 1145 | C8: HMS checkout - Q2 defocused | D8: 10 | E8: -4.367 | F8: 36.2 | G8: =H8+16.3 -> 36.3 | H8: 20 | I8: 9.5 | J8: LD2 | K8: 5 | Q8: ps3=2
B9: 1146 | C9: HMS check out - nominal Q2 | D9: 10 | E9: -4.367 | F9: 36.2 | G9: =H9+16.3 -> 36.3 | H9: 20 | I9: 9.5 | J9: LD2 | K9: 5 | Q9: ps3=2
B10: 1147 | C10: HMS check out - nominal Q2 | D10: 10 | E10: -4.367 | F10: 36.2 | G10: =H10+16.3 -> 36.3 | H10: 20 | I10: 9.5 | J10: LD2 | K10: 5 | Q10: ps3=2
B11: 1148 | C11: HMS checkout- FADC mode 10 | D11: 10 | E11: -4.367 | F11: 36.2 | G11: =H11+16.3 -> 36.3 | H11: 20 | I11: 9.5 | J11: LD2 | K11: 5
B12: 1149 | C12: HMS 3/4 | D12: 10 | E12: -4.367 | F12: 36.2 | G12: =H12+16.3 -> 36.3 | H12: 20 | I12: 9.5 | J12: LD2 | K12: 5
B13: 1150 | C13: HMS check out- 3/4 | D13: 10 | E13: -4.367 | F13: 36.2 | G13: =H13+16.3 -> 36.3 | H13: 20 | I13: 9.5 | J13: LD2 | K13: 5 | Q13: https://logbooks.jlab.org/entry/4180369
B14: 1151 | C14: HMs ELCLEAN | D14: 10 | E14: -4.367 | F14: 36.2 | G14: =H14+16.3 -> 36.3 | H14: 20 | I14: 9.5 | J14: LD2 | K14: 5
B15: 1153-1165 | C15: HMS optics (-3.6 GeV) | D15: 30 | E15: -4.367 | F15: 36.2 | G15: =H15+16.3 -> 36.3 | H15: 20 | I15: 9.5 | J15: C 0.5% | K15: 5
B16: 1166 | C16: Coincidence seeking | D16: 5 | E16: -6.8 | F16: 12.49 | G16: =H16+16.3 -> 37.1 | H16: 20.8 | I16: 9.5 | J16: C 0.5% | K16: 5 | Q16: x50-2
B17: 1167-1173 | C17: Coincidence seeking | D17: 5 | E17: -6.8 | F17: 12.49 | G17: =H17+16.3 -> 37.1 | H17: 20.8 | I17: 9.5 | J17: LD2 | K17: 5 | Q17: x50-2
A18: 45186 | B18: 1174-1187 | C18: Coincidence seeking | D18: 5 | E18: =4.036 -> 4.036 | F18: 30.14 | G18: =H18+16.3 -> 33.19 | H18: 16.89 | I18: 9.5 | J18: LD2 | K18: 5 | Q18: elastic (large angle), proton in HMS
B19: 1188-1193 | C19: HMS optic at -6.117 | D19: 30 | E19: -6.117 | F19: 12.373 | G19: =H19+16.3 -> 37 | H19: 20.7 | I19: 9.5 | J19: C 0.5% | K19: 5 | Q19: https://logbooks.jlab.org/entry/4181512
B20: 1194-1214 | C20: NPS trigger test, initial setup | D20: 5 | E20: =4.036 -> 4.036 | F20: 30.14 | G20: =H20+16.3 -> 30.9 | H20: =30.9-16.3 -> 14.6 | I20: 9.5 | J20: LH2 | K20: 5 | Q20: elastic (small angle), proton in HMS
B21: 1215 | C21: NPS trigger test, | D21: 5 | E21: =4.036 -> 4.036 | F21: 30.14 | G21: =H21+16.3 -> 30.9 | H21: =30.9-16.3 -> 14.6 | I21: 9.5 | J21: LH2 | K21: 5 | Q21: elastic (small angle), proton in HMS | R21: th=500, seed th=300, output th 1000
B22: 1216 | C22: NPS trigger test, | D22: 5 | E22: =4.036 -> 4.036 | F22: 30.14 | G22: =H22+16.3 -> 30.9 | H22: =30.9-16.3 -> 14.6 | I22: 9.5 | J22: LH2 | K22: 5 | Q22: elastic (small angle), proton in HMS | R22: th=500, seed th=300, output th =1000
B23: 1217 | C23: NPS trigger test, | D23: 5 | E23: =4.036 -> 4.036 | F23: 30.14 | G23: =H23+16.3 -> 30.9 | H23: =30.9-16.3 -> 14.6 | I23: 9.5 | J23: LH2 | K23: 5 | Q23: elastic (small angle), proton in HMS | R23: th=500, seed th=300, output th =500
B24: 1218 | C24: NPS trigger test | D24: 5 | E24: =4.036 -> 4.036 | F24: 30.14 | G24: =H24+16.3 -> 30.9 | H24: =30.9-16.3 -> 14.6 | I24: 9.5 | J24: LH2 | K24: 5 | Q24: elastic (small angle), proton in HMS | R24: th=1000, seed th=300, output th =500
B25: 1219 | C25: NPS trigger test | D25: 5 | E25: =4.036 -> 4.036 | F25: 30.14 | G25: =H25+16.3 -> 30.9 | H25: =30.9-16.3 -> 14.6 | I25: 9.5 | J25: LH2 | K25: 5 | Q25: elastic (small angle), proton in HMS | R25: th=2000, seed th=300, output th =500
B26: 1220 | C26: NPS trigger test | D26: 5 | E26: =4.036 -> 4.036 | F26: 30.14 | G26: =H26+16.3 -> 30.9 | H26: =30.9-16.3 -> 14.6 | I26: 9.5 | J26: LH2 | K26: 5 | Q26: elastic (small angle), proton in HMS | R26: th=4000, seed th=300, output th =500
B27: 1221 | C27: NPS trigger test | D27: 5 | E27: =4.036 -> 4.036 | F27: 30.14 | G27: =H27+16.3 -> 30.9 | H27: =30.9-16.3 -> 14.6 | I27: 9.5 | J27: LH2 | K27: 5 | Q27: elastic (small angle), proton in HMS | R27: th=2000, seed th=600, output th =500
B28: 1222-1237 | C28: NPS trigger test | D28: 5 | E28: =4.036 -> 4.036 | F28: 30.14 | G28: 30.9 | H28: =30.9-16.3 -> 14.6 | I28: 9.5 | J28: LH2 | K28: 5 | Q28: elastic (small angle), proton in HMS
B29: 1238 | C29: NPS trigger test | D29: 5 | E29: =4.036 -> 4.036 | F29: 30.14 | G29: 32.05 | H29: =G29-16.3 -> 15.75 | I29: 9.5 | J29: LH2 | K29: 5 | N29: 216k | Q29: elastic middle angle, proton in HMS
B30: 1239 | C30: NPS trigger test | D30: 5 | E30: =4.036 -> 4.036 | F30: 30.14 | G30: 33.19 | H30: =G30-16.3 -> 16.89 | I30: 9.5 | J30: LH2 | K30: 5 | N30: 125k | Q30: elastic (large angle), proton in HMS
B31: 1240 | D31: 30 | E31: -6.117 | F31: 12.373 | G31: =H31+16.3 -> 37 | H31: 20.7 | I31: 9.5 | J31: LH2 | K31: 5 | Q31: electron in HMS*
F33: CHECK LOG BOOK FOR PHOTOS | R33: Below are from Start of the run info, need to verify the angle from camera !!!
A34: 45187 | B34: 1241 | C34: HMS optics | D34: 10 | E34: -6.117 | F34: 12.38 | G34: 37.3 | H34: =37.3-16.3 -> 21 | I34: 9.5 | J34: Optics 1 +/- 8cm | K34: 5 | Q34: ps4 = 0
B35: 1242 | C35: HMS optics | D35: 30 | E35: -6.117 | F35: 12.38 | G35: 37.3 | H35: =37.3-16.3 -> 21 | I35: 9.5 | J35: Optics 1 +/- 8cm | K35: 5 | Q35: ps4 = 0
B36: 1243 | C36: HMS optics | D36: 30 | E36: -6.117 | F36: 12.38 | G36: 37.3 | H36: =37.3-16.3 -> 21 | I36: 9.5 | J36: Optics 1 +/- 8cm | K36: 5 | Q36: ps4 = 0 | R36: comment_text=EL-REAL Trigger ; TET_IGNORE_MAKS all 0 ; TET = 500 ; Sparsification set to 1
B37: 1244 | C37: HMS optics | D37: 30 | E37: -6.117 | F37: 12.38 | G37: 37.3 | H37: =37.3-16.3 -> 21 | I37: 9.5 | J37: Optics 1 +/- 8cm | K37: 5 | Q37: ps4 = 0 | R37: comment_text=EL-REAL Trigger ; TET_IGNORE_MAKS all 0 ; TET = 500 ; Sparsification set to 1
A38: 45188 | B38: 1245 | C38: HMS optics | D38: 30 | E38: -6.117 | F38: 12.38 | G38: 37.3 | H38: =37.3-16.3 -> 21 | I38: 9.5 | J38: Carbon 0.5% | K38: 5 | Q38: ps4 = 0 | R38: comment_text=EL-REAL Trigger ; TET_IGNORE_MAKS all 0 ; TET = 500 ; Sparsification set to 1; Sweeper magnet ON; C 0.5%
B39: 1246 | C39: HMS optics | D39: 30 | E39: -6.117 | F39: 12.38 | G39: 37.3 | H39: =37.3-16.3 -> 21 | I39: 9.5 | J39: Optics 1 +/- 8cm | K39: 5 | Q39: ps4 = 0 | R39: comment_text=EL-REAL Trigger ; TET_IGNORE_MAKS all 0 ; TET = 500 ; Sparsification set to 1; Sweeper magnet ON; optics foil +-8cm
B40: 1247 | C40: CODA CRASHED, NO END OF RUN INFO, SKIPPED
B41: 1248 | C41: HMS optics | D41: 30 | E41: -6.117 | F41: 12.38 | G41: 37.3 | H41: =37.3-16.3 -> 21 | I41: 9.5 | J41: Optics 2 +/- 3cm | K41: 5 | Q41: ps4 = 0 | R41: comment_text=EL-REAL Trigger ; TET_IGNORE_MAKS all 0 ; TET = 500 ; Sparsification set to 1; Sweeper magnet OFF; optics foil +-3cm
B42: 1249 | C42: HMS optics | D42: 30 | E42: -6.117 | F42: 12.38 | G42: 37.3 | H42: =37.3-16.3 -> 21 | I42: 9.5 | J42: LH2 | K42: 5 | Q42: ps4 = 0 | R42: comment_text=EL-REAL Trigger ; TET_IGNORE_MAKS all 0 ; TET = 500 ; Sparsification set to 1; Sweeper magnet OFF; LH2
B43: 1250 | C43: HMS optics | D43: 30 | E43: -6.117 | F43: 19.26 | G43: 37.3 | H43: =37.3-16.3 -> 21 | I43: 9.5 | J43: LH2 | K43: 5 | Q43: ps4 = 0 | R43: comment_text=EL-REAL Trigger ; TET_IGNORE_MAKS all 0 ; TET = 500 ; Sparsification set to 1; Sweeper magnet OFF; LH2
B44: 1251 | C44: HMS optics | D44: 30 | E44: -6.117 | F44: 20.7 | G44: 37.3 | H44: =37.3-16.3 -> 21 | I44: 9.5 | J44: LH2 | K44: 5 | Q44: ps4 = 0 | R44: comment_text=EL-REAL Trigger ; TET_IGNORE_MAKS all 0 ; TET = 500 ; Sparsification set to 1; Sweeper magnet OFF; LH2
B45: 1252 | C45: HMS optics | D45: 30 | E45: -6.117 | F45: 20.7 | G45: 37.3 | H45: =37.3-16.3 -> 21 | I45: 9.5 | J45: LH2 | K45: 5 | Q45: ps4 = 0 | R45: comment_text=EL-REAL Trigger ; TET_IGNORE_MAKS all 0 ; TET = 500 ; Sparsification set to 1; Sweeper magnet OFF; LH2
B46: 1253 | C46: HMS optics | D46: 30 | E46: -6.117 | F46: 20.7 | G46: 37.3 | H46: =37.3-16.3 -> 21 | I46: 9.5 | J46: LH2 | K46: 5 | Q46: ps4 = 0 | R46: comment_text=EL-REAL Trigger ; TET_IGNORE_MAKS all 0 ; TET = 500 ; Sparsification set to 1; Sweeper magnet OFF; LH2
B47: 1254 | C47: Commission | D47: 30 | E47: -6.117 | F47: 22.12 | G47: 37.3 | H47: =37.3-16.3 -> 21 | I47: 9.5 | J47: LH2 | K47: 5 | Q47: ps1 and ps4 = 0 | R47: comment_text=NPS Trigger and EL-REAL Trigger ; TET_IGNORE_MAKS all 1 ; TET = 20 ; Sparsification set to 0; Sweeper magnet OFF; LH2
B48: 1255 | C48: Commission | D48: 30 | E48: -6.117 | F48: 22.12 | G48: 37.3 | H48: =37.3-16.3 -> 21 | I48: 9.5 | J48: LH2 | K48: 5 | Q48: ps1 and ps4 = 0 | R48: comment_text=NPS Trigger and EL-REAL Trigger ; TET_IGNORE_MAKS all 1 ; TET = 20 ; Sparsification set to 0; Sweeper magnet OFF; LH2
B49: 1256 | C49: Commission | D49: 30 | E49: -6.117 | F49: 22.12 | G49: 37.3 | H49: =37.3-16.3 -> 21 | I49: 9.5 | J49: LH2 | K49: 5 | Q49: ps1 and ps4 = 0 | R49: comment_text=NPS Trigger and EL-REAL Trigger ; TET_IGNORE_MAKS all 1 ; TET = 20 ; Sparsification set to 0; Sweeper magnet OFF; LH2
B50: 1257 | C50: Commission | D50: 30 | E50: -6.117 | F50: 22.12 | G50: 37.3 | H50: =37.3-16.3 -> 21 | I50: 9.5 | J50: LH2 | K50: 5 | Q50: ps1 and ps4 = 0 | R50: comment_text=NPS Trigger and EL-REAL Trigger ; TET_IGNORE_MAKS all 1 ; TET = 20 ; Sparsification set to 0; Sweeper magnet OFF; LH2
B51: 1258 | C51: Commission | D51: 30 | E51: -6.117 | F51: 22.12 | G51: 37.3 | H51: =37.3-16.3 -> 21 | I51: 9.5 | J51: LH2 | K51: 5 | Q51: ps1 and ps4 = 0 | R51: comment_text=NPS Trigger and EL-REAL Trigger ; TET_IGNORE_MAKS all 1 ; TET = 20 ; Sparsification set to 0; Sweeper magnet OFF; LH2
B52: 1259 | C52: Commission | D52: 30 | E52: -6.117 | F52: 22.12 | G52: 37.3 | H52: =37.3-16.3 -> 21 | I52: 9.5 | J52: LH2 | K52: 5 | Q52: ps1 and ps4 = 0 | R52: comment_text=NPS Trigger and EL-REAL Trigger ; TET_IGNORE_MAKS all 1 ; TET = 20 ; Sparsification set to 0; Sweeper magnet OFF; LH2
... B60: 1267 | C60: HMS optics | D60: 30 | E60: -5.639 | F60: 12.37 | G60: 37.3 | H60: =37.3-16.3 -> 21 | I60: 9.5 | J60: LH2 2 10cm | K60: 5 | Q60: ps4 = 0 | R60: The TET is set to 50, sparsification is set 0 and TET_IGNORE_MASKs are set to 1.
A61: 45189 | B61: 1268 | C61: HMS optics | D61: 30 | E61: -5.639 | F61: 22.7 | G61: 37.3 | H61: =37.3-16.3 -> 21 | I61: 9.5 | J61: LH2 2 10cm | K61: 5 | Q61: ps4 = 0 | R61: comment_text=EL-REAL Trigger ; TET_IGNORE_MAKS all 0 ; TET = 500 ; Sparsification set to 1; Sweeper magnet OFF, NPS HV, LV on
B62: 1269 | C62: HMS optics | D62: 30 | E62: -5.639 | F62: 24.3 | G62: 37.3 | H62: =37.3-16.3 -> 21 | I62: 9.5 | J62: LH2 2 10cm | K62: 5 | Q62: ps4 = 0 | R62: comment_text=EL-REAL Trigger ; TET_IGNORE_MAKS all 0 ; TET = 500 ; Sparsification set to 1; Sweeper magnet OFF, NPS HV, LV on
B63: 1270 | C63: HMS optics | D63: 30 | E63: -6.8 | F63: 24.3 | G63: 36.88 | H63: =(36.88-21) -> 15.88 | I63: 9.5 | J63: LH2 2 10cm | K63: 5 | Q63: ps4 = 0 | R63: comment_text=EL-REAL Trigger ; TET_IGNORE_MAKS all 0 ; TET = 500 ; Sparsification set to 1; Sweeper magnet OFF, NPS HV, LV on
B64: 1271 - 1279 | C64: NO BEAM
B65: 1280-1287 | C65: DAQ TESTING
B66: 1289 | C66: cosmics | D66: 0
B67: 1290 | C67: cosmics | D67: 0
B68: 1291 | C68: cosmics | D68: 0
B69: 1297 | C69: cosmics | D69: 0 | Q69: new HV for 28-28=pmt id 868
B70: 1302 | C70: cosmics | D70: 0
B71: 1303 | C71: cosmics | D71: 0
B72: 1304 | C72: cosmics | D72: 0
B73: 1305 | C73: cosmics | D73: 0
B74: 1306 | C74: cosmics | D74: 0
B75: 1307 | C75: cosmics | D75: 0
B76: 1308 | C76: cosmics | D76: 0
B77: 1309 | C77: cosmics | D77: 0
B78: 1310 | C78: cosmics | D78: 0
B80: 1309 | C80: LED run
A81: day | B81: run | C81: purpose | D81: Ibeam (uA) | E81: HMS mom | F81: HMS angle | G81: SHMS angle | H81: calo angle | I81: calo distance | J81: target | K81: Beam pass | N81: event # | O81: duration (min) | Q81: comments
A82: 45190 | B82: 1313 | C82: trigger study | D82: 45076 | E82: -4.0872 | F82: 29.86 | G82: 33.47 | H82: =G82-16.3 -> 17.17 | I82: 9.5 | J82: LH2 | Q82: FADC sparsification=0. ps3=0
B83: 1314 | C83: trigger study | D83: 30 | E83: -4.0872 | F83: 29.86 | G83: 33.47 | H83: =G83-16.3 -> 17.17 | I83: 9.5 | J83: LH2 | Q83: FADC sparsification=1, PS3=0
B84: 1315 | C84: trigger study | D84: 30 | E84: -4.0872 | F84: 29.86 | G84: 33.47 | H84: =G84-16.3 -> 17.17 | I84: 9.5 | J84: LH2 | Q84: FADC sparsification=0, PS1=0
B85: 1316 | C85: trigger study | D85: 30 | E85: -4.0872 | F85: 29.86 | G85: 33.47 | H85: =G85-16.3 -> 17.17 | I85: 9.5 | J85: LH2 | Q85: FADC sparsification=0, PS5=0
B86: 1317 | C86: trigger study | D86: 30 | E86: -4.0872 | F86: 29.86 | G86: 33.47 | H86: =G86-16.3 -> 17.17 | I86: 9.5 | J86: LH2 | Q86: PS3=0, VTP_NPS_ECALCLUSTER_TRIGGER_THR=1500
B87: 1318 | C87: trigger study | D87: 30 | E87: -4.0872 | F87: 29.86 | G87: 33.47 | H87: =G87-16.3 -> 17.17 | I87: 9.5 | J87: LH2 | Q87: PS3=0, VTP_NPS_ECALCLUSTER_TRIGGER_THR=2500
B88: 1319 | C88: trigger study | D88: 30 | E88: -4.0872 | F88: 29.86 | G88: 33.47 | H88: =G88-16.3 -> 17.17 | I88: 9.5 | J88: LH2 | Q88: PS3=0, VTP_NPS_ECALCLUSTER_TRIGGER_THR=4000
B89: 1320 | C89: trigger study | D89: 30 | E89: -4.0872 | F89: 29.86 | G89: 33.47 | H89: =G89-16.3 -> 17.17 | I89: 9.5 | J89: LH2 | Q89: PS3=0, VTP_NPS_ECALCLUSTER_TRIGGER_THR=4000
A90: 45191 | B90: 1321 | C90: NPS elastic calibration | D90: 30 | E90: =4.0872 -> 4.0872 | F90: 29.86 | G90: 33.47 | H90: =G90-16.3 -> 17.17 | I90: 9.5 | J90: LH2
B91: 1322 | C91: NPS elastic calibration | D91: 30 | E91: =4.0872 -> 4.0872 | F91: 29.86 | G91: 33.47 | H91: =G91-16.3 -> 17.17 | I91: 9.5 | J91: LH2
B92: 1323 | C92: NPS elastic calibration | D92: 30 | E92: =4.0872 -> 4.0872 | F92: 29.86 | G92: 33.47 | H92: =G92-16.3 -> 17.17 | I92: 9.5 | J92: Al-dummy
B93: 1324 | C93: NPS elastic calibration | D93: 30 | E93: =4.0872 -> 4.0872 | F93: 29.86 | G93: 33.47 | H93: =G93-16.3 -> 17.17 | I93: 9.5 | J93: Al-dummy
B94: 1325 | C94: NPS elastic calibration | D94: 30 | E94: =4.0872 -> 4.0872 | F94: 29.86 | G94: 32.28 | H94: =G94-16.3 -> 15.98 | I94: 9.5 | J94: Al-dummy
B95: 1326 | C95: NPS elastic calibration | D95: 30 | E95: =4.0872 -> 4.0872 | F95: 29.86 | G95: 32.28 | H95: =G95-16.3 -> 15.98 | I95: 9.5 | J95: LH2
B96: 1327 | C96: NPS elastic calibration | D96: 30 | E96: =4.0872 -> 4.0872 | F96: 29.86 | G96: 32.28 | H96: =G96-16.3 -> 15.98 | I96: 9.5 | J96: LH2
B97: 1328-1340 | C97: DAQ test, Junk data
B98: 1341 | C98: NPS elastic calibration | D98: 30 | E98: 4.0872 | F98: 29.86 | G98: 33.47 | H98: 17.17 | I98: 9.5 | J98: LH2 | Q98: coda_ps=ps3=0 comment_text=HMS Elastic Proton Setting
B99: 1342 | C99: NPS elastic calibration | D99: 30 | E99: 4.0872 | F99: 29.86 | G99: 33.47 | H99: 17.17 | I99: 9.5 | J99: LH2 | Q99: comment = SHMS angle = 33.48
B100: 1343 | C100: NPS elastic calibration | D100: 30 | E100: 4.0872 | F100: 29.86 | G100: 33.47 | H100: 17.17 | I100: 9.5 | J100: LH2 | Q100: comment_text=HMS Elastic Proton Setting (SHMS= 33.48 / NPS = 17.18): Sparsification=1
B101: 1344 | C101: NPS elastic calibration | D101: 30 | E101: 4.0872 | F101: 29.86 | G101: 33.47 | H101: 17.17 | I101: 9.5 | J101: Dummy 10cm | Q101: comment_text=HMS Elastic Proton Setting (SHMS= 33.48 / NPS = 17.18): Sparsification=0
B102: 1345 | C102: NPS elastic calibration | D102: 30 | E102: 4.0872 | F102: 29.86 | G102: 33.47 | H102: 17.17 | I102: 9.5 | J102: Dummy 10cm | Q102: comment_text=HMS Elastic Proton Setting (SHMS= 33.48 / NPS = 17.18): Sparsification=0
B103: 1346-1348 | C103: VLD SCRIPT RUN (NPS ONLY) | D103: 0 | E103: 4.0872 | F103: 29.86 | G103: 31.29 | H103: =G103-16.3 -> 14.99 | I103: 9.5 | J103: LH2 | Q103: comment_text=vld script run
B104: 1349-1360 | C104: DAQ TEST NO BEAM
B105: 1361-1362 | C105: NPS elastic calibration | D105: 30 | E105: 4.0872 | F105: 29.86 | G105: 31.29 | H105: 14.99 | I105: 9.5 | J105: LH2 | Q105: comment_text=HMS Elastic Proton. Sweeper Off.
B106: 1363-1373 | C106: LED with COIN DAQ TEST
B107: 1374-1395 | C107: Scaler and DAQ test
A109: day | B109: run | C109: purpose | D109: Ibeam (uA) | E109: HMS mom | F109: HMS angle | G109: SHMS angle | H109: calo angle | I109: calo distance | J109: target | K109: Beam pass | N109: event # | O109: duration (min) | Q109: comments
A110: 45194 | B110: 1413 | C110: NPS elastic calibration | D110: 30 | E110: 4.0872 | F110: 29.86 | G110: =H110+16.3 -> 31.19 | H110: 14.89 | I110: 9.5 | J110: LH2 | N110: 225721 | O110: 45
...

Sheet 4p_commissionning
E1: HMS mom | F1: HMS angle | G1: SHMS angle | H1: calo angle | I1: calo distance | L1: Collimator
A2: day | B2: run | C2: purpose | D2: Ibeam (uA) | J2: target | K2: Beam pass | M2: Presscale | N2: event # | O2: duration (min) | P2: Charge Accumulated | Q2: comments
A3: 45243 | B3: 2886 | C3: Beam centering | D3: 10 | E3: 4.12 | F3: 27.615 | G3: 38 | H3: =G3-16.3 -> 21.7 | I3: 8 | J3: Carbon Hole | K3: 4 | L3: L | M3: ps3=0 | Q3: Still no beam from shift summary
A4: 45244 | B4: 2898 | C4: Beam centering | D4: 10 | E4: 4.12 | F4: 27.615 | G4: 38 | H4: =G4-16.3 -> 21.7 | I4: 8 | J4: Carbon Hole | K4: 4 | L4: L | M4: ps4=0 | N4: 62834 | O4: 25.66 | P4: 11 | Q4: Carbon hole not really visible too faint
B5: 2899 | C5: Beam centering | D5: 10 | E5: 4.12 | F5: 27.615 | G5: 38 | H5: =G5-16.3 -> 21.7 | I5: 8 | J5: Carbon Hole | K5: 4 | L5: L | M5: ps3=0 | N5: 63388 | O5: 22.22 | P5: 11.79 | Q5: Carbon hole is still faint, but is visible and centered
B6: 2900 | C6: Elastic Calibration | D6: 40 | E6: 4.12 | F6: 27.615 | G6: 38 | H6: =G6-16.3 -> 21.7 | I6: 8 | J6: LH2 | K6: 4 | L6: L | M6: ps5=0 | N6: 158628 | O6: 65.26 | P6: 118.11 | Q6: FADC coefficeint error
B7: 2901 | C7: Elastic Calibration | D7: 40 | E7: 4.12 | F7: 27.615 | G7: 38 | H7: =G7-16.3 -> 21.7 | I7: 8 | J7: LH2 | K7: 4 | L7: L | M7: ps5=0 | N7: 147642 | O7: 60.05 | P7: 116.68 | Q7: FADC coefficeint error
B8: 2902 | C8: Elastic Calibration | D8: 40 | E8: 4.12 | F8: 27.615 | G8: 38 | H8: =G8-16.3 -> 21.7 | I8: 8 | J8: LH2 | K8: 4 | L8: L | M8: ps5=0 | N8: 4098 | O8: 13.49 | P8: 26.26 | Q8: FADC coefficeint error
B9: 2903 | C9: Elastic Calibration | D9: 40 | E9: 4.12 | F9: 27.615 | G9: 38 | H9: =G9-16.3 -> 21.7 | I9: 8 | J9: LH2 | K9: 4 | L9: L | M9: ps3=0 | N9: 525993 | O9: 54.21 | P9: 114.12 | Q9: run with ps3=0 to work around the fadc issue
B10: 2904 | C10: Elastic Calibration | D10: 40 | E10: 4.12 | F10: 27.615 | G10: 38 | H10: =G10-16.3 -> 21.7 | I10: 8 | J10: LH2 | K10: 4 | L10: L | M10: ps3=0 | N10: 146004 | O10: 19.83 | P10: 41.03 | Q10: run with ps3=0 to work around the fadc issue
B11: 2905 | C11: Elastic Calibration | D11: 40 | E11: 4.12 | F11: 27.615 | G11: 38 | H11: =G11-16.3 -> 21.7 | I11: 8 | J11: LH2 | K11: 4 | L11: L | M11: ps3=0 | N11: 458583 | O11: 68.22 | P11: 127.95 | Q11: New FADC values loaded but still in ps3 to verify
B12: 2906 | C12: Elastic Calibration | D12: 40 | E12: 4.12 | F12: 27.615 | G12: 38 | H12: =G12-16.3 -> 21.7 | I12: 8 | J12: LH2 | K12: 4 | L12: L | M12: ps5=0 | N12: 53017 | O12: 58.42 | P12: 112.38 | Q12: New FADC values loaded run in ps5
B13: 2907 | C13: Elastic Calibration | D13: 40 | E13: 4.12 | F13: 27.615 | G13: 36.138 | H13: =G13-16.3 -> 19.838 | I13: 8 | J13: LH2 | K13: 4 | L13: L | M13: ps5=0 | N13: 58318 | O13: 59.32 | P13: 126.99
B14: 2908 | C14: Elastic Calibration | D14: 40 | E14: 4.12 | F14: 27.615 | G14: 36.138 | H14: =G14-16.3 -> 19.838 | I14: 8 | J14: LH2 | K14: 4 | L14: L | M14: ps5=0 | N14: 6395 | O14: 6.07 | P14: 14.1 | Q14: run ended for magnet rampdown to replace JT
B15: 2909 | C15: Elastic Calibration | D15: 40 | E15: 4.12 | F15: 27.615 | G15: 36.138 | H15: =G15-16.3 -> 19.838 | I15: 8 | J15: LH2 | K15: 4 | L15: L | M15: ps5=0 | N15: 65066 | O15: 75.91 | P15: 133.88
B16: 2910 | C16: Elastic Calibration | D16: 40 | E16: 4.12 | F16: 27.615 | G16: 36.138 | H16: =G16-16.3 -> 19.838 | I16: 8 | J16: LH2 | K16: 4 | L16: L | M16: ps5=0 | N16: 66290 | O16: 71.94 | P16: 142.36
B17: 2911 | C17: Elastic Calibration | D17: 40 | E17: 4.12 | F17: 27.615 | G17: 37.997 | H17: =G17-16.3 -> 21.697 | I17: 8 | J17: LH2 | K17: 4 | L17: L | M17: ps5=0 | N17: 67109 | O17: 71.93 | P17: 142.41
B18: 2912 | C18: Elastic Calibration | D18: 40 | E18: 4.12 | F18: 27.615 | G18: 37.997 | H18: =G18-16.3 -> 21.697 | I18: 8 | J18: LH2 | K18: 4 | L18: L | M18: ps5=0 | N18: 62406 | O18: 64.09 | P18: 136.09
B19: 2913 | C19: Elastic Calibration | D19: 40 | E19: 4.12 | F19: 27.615 | G19: 37.997 | H19: =G19-16.3 -> 21.697 | I19: 8 | J19: LH2 | K19: 4 | L19: L | M19: ps5=0 | N19: 63625 | O19: 64.97 | P19: 138.49
B20: 2914 | C20: Elastic Calibration | D20: 40 | E20: 4.12 | F20: 27.615 | G20: 36.141 | H20: =G20-16.3 -> 19.841 | I20: 8 | J20: LH2 | K20: 4 | L20: L | M20: ps5=0 | N20: 61727 | O20: 62.06 | P20: 137.73
B21: 2915 | C21: Elastic Calibration | D21: 40 | E21: 4.12 | F21: 27.615 | G21: 36.141 | H21: =G21-16.3 -> 19.841 | I21: 8 | J21: LH2 | K21: 4 | L21: L | M21: ps5=0 | N21: 63018 | O21: 64.74 | P21: 138.2
A22: 45245 | B22: 2916 | C22: Elastic Calibration | D22: 40 | E22: 4.12 | F22: 27.615 | G22: 36.141 | H22: =G22-16.3 -> 19.841 | I22: 8 | J22: LH2 | K22: 4 | L22: L | M22: ps5=0 | N22: 63131 | O22: 65.89 | P22: 138.46
B23: 2917 | C23: Elastic Calibration | D23: 40 | E23: 4.12 | F23: 27.615 | G23: 38.002 | H23: =G23-16.3 -> 21.702 | I23: 8 | J23: LH2 | K23: 4 | L23: L | M23: ps5=0 | N23: 62087 | O23: 65.41 | P23: 132.71
B24: 2918 | C24: Elastic Calibration | D24: 40 | E24: 4.12 | F24: 27.615 | G24: 38.002 | H24: =G24-16.3 -> 21.702 | I24: 8 | J24: LH2 | K24: 4 | L24: L | M24: ps5=0 | N24: 62012 | O24: 66.08 | P24: 132.9
B25: 2919 | C25: Elastic Calibration | D25: 40 | E25: 4.12 | F25: 27.615 | G25: 38.002 | H25: =G25-16.3 -> 21.702 | I25: 8 | J25: LH2 | K25: 4 | L25: L | M25: ps5=0 | N25: 62266 | O25: 65.07 | P25: 136.42
B26: 2920 | C26: Elastic Calibration | D26: 40 | E26: 4.12 | F26: 27.615 | G26: 36.143 | H26: =G26-16.3 -> 19.843 | I26: 8 | J26: LH2 | K26: 4 | L26: L | M26: ps5=0 | N26: 61360 | O26: 67.31 | P26: 131.17
Q27: =SUM(P4:P26)/1000 -> 2.46123
A28: 45406 | B28: 6171 | C28: Elastic Calibration | D28: 20 | E28: 3.1615 | F28: 30.765 | G28: 36.265 | H28: =G28-13.3 -> 22.965 | I28: 9.5 | J28: LH2 | K28: 4 | L28: L | M28: ps5=0 | N28: 24300 | O28: 32.25 | P28: 33.8
B29: 6172 | C29: Elastic Calibration | D29: 20 | E29: 3.1615 | F29: 30.765 | G29: 36.265 | H29: =G29-13.3 -> 22.965 | I29: 9.5 | J29: LH2 | K29: 4 | L29: L | M29: ps5=0 | N29: 21366 | O29: 31.95 | P29: 27.18
B30: 6173 | C30: Elastic Calibration | D30: 20 | E30: 3.1615 | F30: 30.765 | G30: 35.06 | H30: =G30-13.3 -> 21.76 | I30: 9.5 | J30: LH2 | K30: 4 | L30: L | M30: ps5=0 | N30: 24274 | O30: 34.96 | P30: 29.18
B31: 6174 | C31: Elastic Calibration | D31: 20 | E31: 3.1615 | F31: 30.765 | G31: 35.06 | H31: =G31-13.3 -> 21.76 | I31: 9.5 | J31: LH2 | K31: 4 | L31: L | M31: ps5=0 | N31: 24307 | O31: 31.97 | P31: 30.98
B32: 6175 | C32: Elastic Calibration | D32: 20 | E32: 3.1615 | F32: 30.765 | G32: 33.855 | H32: =G32-13.3 -> 20.555 | I32: 9.5 | J32: LH2 | K32: 4 | L32: L | M32: ps5=0 | N32: 23163 | O32: 32.31 | P32: 33.43
B33: 6176 | C33: Elastic Calibration | D33: 20 | E33: 3.1615 | F33: 30.765 | G33: 33.855 | H33: =G33-13.3 -> 20.555 | I33: 9.5 | J33: LH2 | K33: 4 | L33: L | M33: ps5=0 | N33: 20737 | O33: 29.98 | P33: 28.9
B34: 6177 | C34: Elastic Calibration | D34: 20 | E34: 3.1615 | F34: 30.765 | G34: 36.262 | H34: =G34-13.3 -> 22.962 | I34: 9.5 | J34: LH2 | K34: 4 | L34: L | M34: ps5=0 | N34: 21522 | O34: 31.29 | P34: 27.62
B35: 6178 | C35: Elastic Calibration | D35: 20 | E35: 3.1615 | F35: 30.765 | G35: 35.058 | H35: =G35-13.3 -> 21.758 | I35: 9.5 | J35: LH2 | K35: 4 | L35: L | M35: ps5=0 | N35: 22004 | O35: 23.6 | P35: 30.18
B36: 6179 | C36: Elastic Calibration | D36: 30 | E36: 3.1615 | F36: 30.765 | G36: 33.85 | H36: =G36-13.3 -> 20.55 | I36: 9.5 | J36: LH2 | K36: 4 | L36: L | M36: ps5=0 | N36: 35501 | O36: 30.08 | P36: 59.92
B37: 6180 | C37: Elastic Calibration | D37: 38 | E37: 3.1615 | F37: 30.765 | G37: 33.85 | H37: =G37-13.3 -> 20.55 | I37: 9.5 | J37: LH2 | K37: 4 | L37: L | M37: ps5=0 | N37: 46708 | O37: 45.41 | P37: 72.59 | Q37: Updated NPS HV
B38: 6181 | C38: junk | D38: 38 | E38: 3.1615 | F38: 30.765 | G38: 35.053 | H38: =G38-13.3 -> 21.753 | I38: 9.5 | J38: LH2 | K38: 4 | L38: L | M38: ps5=0 | N38: 0 | O38: 0 | P38: 0 | Q38: Updated NPS HV
B39: 6182 | C39: Elastic Calibration | D39: 38 | E39: 3.1615 | F39: 30.765 | G39: 35.053 | H39: =G39-13.3 -> 21.753 | I39: 9.5 | J39: LH2 | K39: 4 | L39: L | M39: ps5=0 | N39: 55731 | O39: 44.07 | P39: 83.8 | Q39: Updated NPS HV
B40: 6183 | C40: Elastic Calibration | D40: 38 | E40: 3.1615 | F40: 30.765 | G40: 36.26 | H40: =G40-13.3 -> 22.96 | I40: 9.5 | J40: LH2 | K40: 4 | L40: L | M40: ps5=0 | N40: 45624 | O40: 42.34 | P40: 71.42 | Q40: Updated NPS HV

Sheet KinC_x50_2
F1: HMS mom | G1: HMS angle | H1: SHMS angle | I1: calo angle | L1: calo distance | N1: Required Charge Total (Coulomb)
A2: sweeper satus | B2: https://logbooks.jlab.org/entry/4191561 | F2: -6.667 GeV | G2: 12.493 deg | H2: 36.88 deg | I2: 20.58 deg | L2: 3 m | N2: ='Totals % Goal'!F16 -> 3
O3: accumulated charge (mC)
A4: day | B4: run# | C4: type | D4: SHMS angle | E4: Ibeam (uA) | F4: charge (mC) | G4: TS6 event # | H4: duration (min) | I4: target | J4: prescale | K4: coin status | O4: LH2 | P4: LD2 | Q4: Dummy
A5: 45202 | B5: 1572 | E5: 18 | F5: 8.99 | G5: 1564981 | H5: 21 | I5: LH2 | J5: ps5=0 | O5: =F5 -> 8.99 | P5: 0 | Q5: 0
B6: 1573 | C6: junk | I6: LH2 | J6: ps5=0 | O6: =if($I6="LH2",O5+$F6,O5+0) -> 8.99 | P6: =if($I6="LD2",P5+$F6,P5+0) -> 0 | Q6: =if($I6="dummy",Q5+$F6,Q5+0) -> 0
B7: 1574 | E7: 28 | F7: 49.79 | G7: 7597462 | H7: 30 | I7: LH2 | J7: ps5=0 | O7: =if($I7="LH2",O6+$F7,O6+0) -> 58.78 | P7: =if($I7="LD2",P6+$F7,P6+0) -> 0 | Q7: =if($I7="dummy",Q6+$F7,Q6+0) -> 0
B8: 1575 | E8: 19 | F8: 24.45 | G8: 4109623 | H8: 21 | I8: LH2 | J8: ps5=0 | O8: =if($I8="LH2",O7+$F8,O7+0) -> 83.23 | P8: =if($I8="LD2",P7+$F8,P7+0) -> 0 | Q8: =if($I8="dummy",Q7+$F8,Q7+0) -> 0
B9: 1576 | E9: 20 | F9: 31.59 | G9: 3464807 | H9: 28 | I9: LH2 | J9: ps5=0 | L9: pair th=500, cluster th=300 | O9: =if($I9="LH2",O8+$F9,O8+0) -> 114.82 | P9: =if($I9="LD2",P8+$F9,P8+0) -> 0 | Q9: =if($I9="dummy",Q8+$F9,Q8+0) -> 0
B10: 1577 | E10: 20 | F10: 30.82 | G10: 1883667 | H10: 29 | I10: LH2 | J10: ps5=0 | L10: pair th =100 | O10: =if($I10="LH2",O9+$F10,O9+0) -> 145.64 | P10: =if($I10="LD2",P9+$F10,P9+0) -> 0 | Q10: =if($I10="dummy",Q9+$F10,Q9+0) -> 0
B11: 1578 | E11: 19 | F11: 66.37 | G11: 4081085 | H11: 59 | I11: LH2 | J11: ps5=0 | O11: =if($I11="LH2",O10+$F11,O10+0) -> 212.01 | P11: =if($I11="LD2",P10+$F11,P10+0) -> 0 | Q11: =if($I11="dummy",Q10+$F11,Q10+0) -> 0
B12: 1579 | E12: 19 | F12: 29.46 | G12: 1570531 | H12: 29 | I12: dummy | J12: ps5=0 | O12: =if($I12="LH2",O11+$F12,O11+0) -> 212.01 | P12: =if($I12="LD2",P11+$F12,P11+0) -> 0 | Q12: =if($I12="dummy",Q11+$F12,Q11+0) -> 29.46
B13: 1580 | E13: 17 | F13: 18.1 | G13: 7294678 | H13: 17 | I13: LD2 | J13: ps5=0 | O13: =if($I13="LH2",O12+$F13,O12+0) -> 212.01 | P13: =if($I13="LD2",P12+$F13,P12+0) -> 18.1 | Q13: =if($I13="dummy",Q12+$F13,Q12+0) -> 29.46
B14: 1581 | C14: junk | I14: LD2 | J14: ps5=0 | O14: =if($I14="LH2",O13+$F14,O13+0) -> 212.01 | P14: =if($I14="LD2",P13+$F14,P13+0) -> 18.1 | Q14: =if($I14="dummy",Q13+$F14,Q13+0) -> 29.46
B15: 1582 | E15: 10 | F15: 10.05 | G15: 7342543 | H15: 19 | I15: LD2 | J15: ps5=0 | L15: lifetime 100% | O15: =if($I15="LH2",O14+$F15,O14+0) -> 212.01 | P15: =if($I15="LD2",P14+$F15,P14+0) -> 28.15 | Q15: =if($I15="dummy",Q14+$F15,Q14+0) -> 29.46
B16: 1583 | E16: 15 | G16: 4333615 | H16: 18 | I16: LD2 | J16: ps5=0 | L16: lifetime 75% | M16: end of run report stuck | O16: =if($I16="LH2",O15+$F16,O15+0) -> 212.01 | P16: =if($I16="LD2",P15+$F16,P15+0) -> 28.15 | Q16: =if($I16="dummy",Q15+$F16,Q15+0) -> 29.46
B17: 1584 | E17: 15 | G17: 13591086 | H17: 55 | I17: LD2 | J17: ps6=0 | M17: end of run report stuck | O17: =if($I17="LH2",O16+$F17,O16+0) -> 212.01 | P17: =if($I17="LD2",P16+$F17,P16+0) -> 28.15 | Q17: =if($I17="dummy",Q16+$F17,Q16+0) -> 29.46
B18: 1585 | C18: efficiency | E18: 20 | G18: 4370909 | H18: 34 | I18: LD2 | J18: ps3=5 | M18: end of run report stuck | O18: =if($I18="LH2",O17+$F18,O17+0) -> 212.01 | P18: =if($I18="LD2",P17+$F18,P17+0) -> 28.15 | Q18: =if($I18="dummy",Q17+$F18,Q17+0) -> 29.46
B19: 1586 | C19: junk | I19: LD2 | M19: end of run report stuck | O19: =if($I19="LH2",O18+$F19,O18+0) -> 212.01 | P19: =if($I19="LD2",P18+$F19,P18+0) -> 28.15 | Q19: =if($I19="dummy",Q18+$F19,Q18+0) -> 29.46
B20: 1587 | C20: junk | I20: LD2 | M20: end of run report stuck | O20: =if($I20="LH2",O19+$F20,O19+0) -> 212.01 | P20: =if($I20="LD2",P19+$F20,P19+0) -> 28.15 | Q20: =if($I20="dummy",Q19+$F20,Q19+0) -> 29.46
B21: 1588 | C21: efficiency | E21: 30 | G21: 1536606 | H21: 28 | I21: LH2 | J21: ps3=4 | M21: end of run report stuck | O21: =if($I21="LH2",O20+$F21,O20+0) -> 212.01 | P21: =if($I21="LD2",P20+$F21,P20+0) -> 28.15 | Q21: =if($I21="dummy",Q20+$F21,Q20+0) -> 29.46
B22: 1589 | E22: 30 | G22: 6931773 | H22: 55 | I22: LH2 | J22: ps6=0 | O22: =if($I22="LH2",O21+$F22,O21+0) -> 212.01 | P22: =if($I22="LD2",P21+$F22,P21+0) -> 28.15 | Q22: =if($I22="dummy",Q21+$F22,Q21+0) -> 29.46
B23: 1590 | E23: 23 | F23: 6.66 | G23: 5156019 | H23: 9 | I23: LH2 | J23: ps6=0 | O23: =if($I23="LH2",O22+$F23,O22+0) -> 218.67 | P23: =if($I23="LD2",P22+$F23,P22+0) -> 28.15 | Q23: =if($I23="dummy",Q22+$F23,Q22+0) -> 29.46
B24: 1591 | E24: 30 | H24: 65 | I24: LH2 | J24: ps6=0 | M24: no end of run report coda problems | O24: =if($I24="LH2",O23+$F24,O23+0) -> 218.67 | P24: =if($I24="LD2",P23+$F24,P23+0) -> 28.15 | Q24: =if($I24="dummy",Q23+$F24,Q23+0) -> 29.46
B25: 1592 | C25: junk | I25: LH2 | O25: =if($I25="LH2",O24+$F25,O24+0) -> 218.67 | P25: =if($I25="LD2",P24+$F25,P24+0) -> 28.15 | Q25: =if($I25="dummy",Q24+$F25,Q24+0) -> 29.46
B26: 1593 | C26: efficicency | E26: 19 | F26: 18.44 | G26: 1177009 | H26: 23 | I26: LH2 | J26: ps3=4 | O26: =if($I26="LH2",O25+$F26,O25+0) -> 237.11 | P26: =if($I26="LD2",P25+$F26,P25+0) -> 28.15 | Q26: =if($I26="dummy",Q25+$F26,Q25+0) -> 29.46
B27: 1594 | C27: efficicency | E27: 19 | F27: 19.78 | G27: 1261737 | H27: 19 | I27: LH2 | J27: ps3=4 | O27: =if($I27="LH2",O26+$F27,O26+0) -> 256.89 | P27: =if($I27="LD2",P26+$F27,P26+0) -> 28.15 | Q27: =if($I27="dummy",Q26+$F27,Q26+0) -> 29.46
B28: 1595 | E28: 26 | F28: 51.66 | G28: 4277011 | H28: 33 | I28: dummy | J28: ps6=0 | O28: =if($I28="LH2",O27+$F28,O27+0) -> 256.89 | P28: =if($I28="LD2",P27+$F28,P27+0) -> 28.15 | Q28: =if($I28="dummy",Q27+$F28,Q27+0) -> 81.12
A29: 45203 | B29: 1596 | E29: 14 | F29: 19.68 | G29: 6436948 | H29: 33 | I29: LD2 | J29: ps6=0 | O29: =if($I29="LH2",O28+$F29,O28+0) -> 256.89 | P29: =if($I29="LD2",P28+$F29,P28+0) -> 47.83 | Q29: =if($I29="dummy",Q28+$F29,Q28+0) -> 81.12
B30: 1597 | E30: 13 | F30: 36.23 | G30: 12165745 | H30: 58 | I30: LD2 | J30: ps6=0 | O30: =if($I30="LH2",O29+$F30,O29+0) -> 256.89 | P30: =if($I30="LD2",P29+$F30,P29+0) -> 84.06 | Q30: =if($I30="dummy",Q29+$F30,Q29+0) -> 81.12
B31: 1598 | E31: 14 | F31: 45.8 | G31: 15126845 | H31: 63 | I31: LD2 | J31: ps6=0 | O31: =if($I31="LH2",O30+$F31,O30+0) -> 256.89 | P31: =if($I31="LD2",P30+$F31,P30+0) -> 129.86 | Q31: =if($I31="dummy",Q30+$F31,Q30+0) -> 81.12
B32: 1599 | E32: 15 | G32: 3820866 | H32: 60 | I32: LD2 | J32: ps6=0 | M32: no end of run report coda problems | O32: =if($I32="LH2",O31+$F32,O31+0) -> 256.89 | P32: =if($I32="LD2",P31+$F32,P31+0) -> 129.86 | Q32: =if($I32="dummy",Q31+$F32,Q31+0) -> 81.12
B33: 1600 | E33: 15 | H33: 60 | I33: LD2 | J33: ps6=0 | M33: no end of run report | O33: =if($I33="LH2",O32+$F33,O32+0) -> 256.89 | P33: =if($I33="LD2",P32+$F33,P32+0) -> 129.86 | Q33: =if($I33="dummy",Q32+$F33,Q32+0) -> 81.12
B34: 1601-1609 | C34: junk | I34: LD2 | J34: ps6=0 | M34: coda issue | O34: =if($I34="LH2",O33+$F34,O33+0) -> 256.89 | P34: =if($I34="LD2",P33+$F34,P33+0) -> 129.86 | Q34: =if($I34="dummy",Q33+$F34,Q33+0) -> 81.12
B35: 1610 | C35: efficicency | E35: 14 | F35: 19.9 | G35: 6323301 | H35: 29 | I35: LD2 | J35: ps3=5 | O35: =if($I35="LH2",O34+$F35,O34+0) -> 256.89 | P35: =if($I35="LD2",P34+$F35,P34+0) -> 149.76 | Q35: =if($I35="dummy",Q34+$F35,Q34+0) -> 81.12
B36: 1611 | C36: junk | I36: LD2 | J36: ps6=0 | L36: testing pair threshol | O36: =if($I36="LH2",O35+$F36,O35+0) -> 256.89 | P36: =if($I36="LD2",P35+$F36,P35+0) -> 149.76 | Q36: =if($I36="dummy",Q35+$F36,Q35+0) -> 81.12
B37: 1612 | E37: 14 | F37: 1.19 | G37: 211210 | H37: 2 | I37: LD2 | J37: ps6=0 | O37: =if($I37="LH2",O36+$F37,O36+0) -> 256.89 | P37: =if($I37="LD2",P36+$F37,P36+0) -> 150.95 | Q37: =if($I37="dummy",Q36+$F37,Q36+0) -> 81.12
B38: 1613 | E38: 14 | F38: 40.79 | G38: 5524224 | H38: 68 | I38: LD2 | J38: ps6=0 | O38: =if($I38="LH2",O37+$F38,O37+0) -> 256.89 | P38: =if($I38="LD2",P37+$F38,P37+0) -> 191.74 | Q38: =if($I38="dummy",Q37+$F38,Q37+0) -> 81.12
B39: 1614 | C39: junk | I39: LD2 | J39: ps6=0 | L39: config narrow sparse | O39: =if($I39="LH2",O38+$F39,O38+0) -> 256.89 | P39: =if($I39="LD2",P38+$F39,P38+0) -> 191.74 | Q39: =if($I39="dummy",Q38+$F39,Q38+0) -> 81.12
B40: 1615 | C40: junk | I40: LD2 | J40: ps6=0 | O40: =if($I40="LH2",O39+$F40,O39+0) -> 256.89 | P40: =if($I40="LD2",P39+$F40,P39+0) -> 191.74 | Q40: =if($I40="dummy",Q39+$F40,Q39+0) -> 81.12
B41: 1616 | E41: 14 | F41: 19.72 | G41: 3254024 | H41: 29 | I41: LD2 | J41: ps6=0 | L41: nps sweeper off | O41: =if($I41="LH2",O40+$F41,O40+0) -> 256.89 | P41: =if($I41="LD2",P40+$F41,P40+0) -> 211.46 | Q41: =if($I41="dummy",Q40+$F41,Q40+0) -> 81.12
B42: 1617 | C42: efficiency | E42: 14 | F42: 24.56 | G42: 3151916 | H42: 33 | I42: LD2 | J42: ps3=5 | O42: =if($I42="LH2",O41+$F42,O41+0) -> 256.89 | P42: =if($I42="LD2",P41+$F42,P41+0) -> 236.02 | Q42: =if($I42="dummy",Q41+$F42,Q41+0) -> 81.12
B43: 1618 | E43: 28 | F43: 70.49 | G43: 2533584 | H43: 52 | I43: LH2 | J43: ps6=0 | O43: =if($I43="LH2",O42+$F43,O42+0) -> 327.38 | P43: =if($I43="LD2",P42+$F43,P42+0) -> 236.02 | Q43: =if($I43="dummy",Q42+$F43,Q42+0) -> 81.12
B44: 1619 | E44: 28 | F44: 46.55 | G44: 2095398 | H44: 31 | I44: LH2 | J44: ps6=0 | L44: nps off- wide sparse window | O44: =if($I44="LH2",O43+$F44,O43+0) -> 373.93 | P44: =if($I44="LD2",P43+$F44,P43+0) -> 236.02 | Q44: =if($I44="dummy",Q43+$F44,Q43+0) -> 81.12
B45: 1620 | E45: 28 | F45: 91.5 | G45: 3161728 | H45: 58 | I45: LH2 | J45: ps6=0 | O45: =if($I45="LH2",O44+$F45,O44+0) -> 465.43 | P45: =if($I45="LD2",P44+$F45,P44+0) -> 236.02 | Q45: =if($I45="dummy",Q44+$F45,Q44+0) -> 81.12
B46: 1621 | C46: efficiency | E46: 27 | F46: 41.5 | G46: 1461707 | H46: 32 | I46: LH2 | J46: ps3=4 | O46: =if($I46="LH2",O45+$F46,O45+0) -> 506.93 | P46: =if($I46="LD2",P45+$F46,P45+0) -> 236.02 | Q46: =if($I46="dummy",Q45+$F46,Q45+0) -> 81.12
B47: 1622 | E47: 26 | F47: 38 | G47: 1192243 | H47: 30 | I47: dummy | J47: ps6=0 | O47: =if($I47="LH2",O46+$F47,O46+0) -> 506.93 | P47: =if($I47="LD2",P46+$F47,P46+0) -> 236.02 | Q47: =if($I47="dummy",Q46+$F47,Q46+0) -> 119.12
B48: 1623 | E48: 15 | F48: 37.88 | G48: 5034353 | H48: 57 | I48: LD2 | J48: ps6=0 | O48: =if($I48="LH2",O47+$F48,O47+0) -> 506.93 | P48: =if($I48="LD2",P47+$F48,P47+0) -> 273.9 | Q48: =if($I48="dummy",Q47+$F48,Q47+0) -> 119.12
A49: 45204 | B49: 1624 | E49: 14 | F49: 45.5 | G49: 5977602 | H49: 59 | I49: LD2 | J49: ps6=0 | O49: =if($I49="LH2",O48+$F49,O48+0) -> 506.93 | P49: =if($I49="LD2",P48+$F49,P48+0) -> 319.4 | Q49: =if($I49="dummy",Q48+$F49,Q48+0) -> 119.12
B50: 1625 | E50: 14 | F50: 44.01 | G50: 5643722 | H50: 59 | I50: LD2 | J50: ps6=0 | O50: =if($I50="LH2",O49+$F50,O49+0) -> 506.93 | P50: =if($I50="LD2",P49+$F50,P49+0) -> 363.41 | Q50: =if($I50="dummy",Q49+$F50,Q49+0) -> 119.12
B51: 1626 | E51: 14 | F51: 43 | G51: 5467503 | H51: 59 | I51: LD2 | J51: ps6=0 | O51: =if($I51="LH2",O50+$F51,O50+0) -> 506.93 | P51: =if($I51="LD2",P50+$F51,P50+0) -> 406.41 | Q51: =if($I51="dummy",Q50+$F51,Q50+0) -> 119.12
B52: 1627 | E52: 15 | H52: 65 | I52: LD2 | J52: ps6=0 | L52: end coda issue | O52: =if($I52="LH2",O51+$F52,O51+0) -> 506.93 | P52: =if($I52="LD2",P51+$F52,P51+0) -> 406.41 | Q52: =if($I52="dummy",Q51+$F52,Q51+0) -> 119.12
B53: 1628 | E53: 15 | H53: 65 | I53: LD2 | J53: ps6=0 | L53: end coda issue | O53: =if($I53="LH2",O52+$F53,O52+0) -> 506.93 | P53: =if($I53="LD2",P52+$F53,P52+0) -> 406.41 | Q53: =if($I53="dummy",Q52+$F53,Q52+0) -> 119.12
B54: 1629 | C54: efficiency | E54: 14 | F54: 113.77 | G54: 2880732 | H54: 149 | I54: LD2 | J54: ps3=5 | O54: =if($I54="LH2",O53+$F54,O53+0) -> 506.93 | P54: =if($I54="LD2",P53+$F54,P53+0) -> 520.18 | Q54: =if($I54="dummy",Q53+$F54,Q53+0) -> 119.12
B55: 1630 | E55: 28 | F55: 101.18 | G55: 3488898 | H55: 69 | I55: LH2 | J55: ps6=0 | O55: =if($I55="LH2",O54+$F55,O54+0) -> 608.11 | P55: =if($I55="LD2",P54+$F55,P54+0) -> 520.18 | Q55: =if($I55="dummy",Q54+$F55,Q54+0) -> 119.12
B56: 1631 | E56: 28 | F56: 91.37 | G56: 3195982 | H56: 62 | I56: LH2 | J56: ps6=0 | O56: =if($I56="LH2",O55+$F56,O55+0) -> 699.48 | P56: =if($I56="LD2",P55+$F56,P55+0) -> 520.18 | Q56: =if($I56="dummy",Q55+$F56,Q55+0) -> 119.12
B57: 1632 | E57: 28 | F57: 52.47 | G57: 2519493 | H57: 39 | I57: LH2 | J57: ps6=0 | L57: sweep magnet off | O57: =if($I57="LH2",O56+$F57,O56+0) -> 751.95 | P57: =if($I57="LD2",P56+$F57,P56+0) -> 520.18 | Q57: =if($I57="dummy",Q56+$F57,Q56+0) -> 119.12
B58: 1633 | E58: 28 | F58: 55.92 | G58: 2122638 | H58: 45 | I58: LH2 | J58: ps6=0 | O58: =if($I58="LH2",O57+$F58,O57+0) -> 807.87 | P58: =if($I58="LD2",P57+$F58,P57+0) -> 520.18 | Q58: =if($I58="dummy",Q57+$F58,Q57+0) -> 119.12
B59: 1634 | E59: 28 | F59: 56.93 | G59: 2067992 | H59: 39 | I59: LH2 | J59: ps6=0 | O59: =if($I59="LH2",O58+$F59,O58+0) -> 864.8 | P59: =if($I59="LD2",P58+$F59,P58+0) -> 520.18 | Q59: =if($I59="dummy",Q58+$F59,Q58+0) -> 119.12
B60: 1635 | C60: efficiency | E60: 28 | F60: 0 | G60: 1267563 | H60: 36 | I60: LH2 | J60: ps3=4 | L60: strange end of run see Elog:4193480 | O60: =if($I60="LH2",O59+$F60,O59+0) -> 864.8 | P60: =if($I60="LD2",P59+$F60,P59+0) -> 520.18 | Q60: =if($I60="dummy",Q59+$F60,Q59+0) -> 119.12
B61: 1636 | E61: 28 | F61: 0 | G61: 56363 | H61: 11 | I61: dummy | J61: ps6=0 | O61: =if($I61="LH2",O60+$F61,O60+0) -> 864.8 | P61: =if($I61="LD2",P60+$F61,P60+0) -> 520.18 | Q61: =if($I61="dummy",Q60+$F61,Q60+0) -> 119.12
B62: 1637 | E62: 28 | F62: 46.3 | G62: 1470374 | H62: 31 | I62: dummy | J62: ps6=0 | O62: =if($I62="LH2",O61+$F62,O61+0) -> 864.8 | P62: =if($I62="LD2",P61+$F62,P61+0) -> 520.18 | Q62: =if($I62="dummy",Q61+$F62,Q61+0) -> 165.42
A63: 45205 | B63: 1638 | E63: 13 | F63: 33.95 | G63: 4600378 | H63: 65 | I63: LD2 | J63: ps6=0 | O63: =if($I63="LH2",O62+$F63,O62+0) -> 864.8 | P63: =if($I63="LD2",P62+$F63,P62+0) -> 554.13 | Q63: =if($I63="dummy",Q62+$F63,Q62+0) -> 165.42
B64: 1639 | E64: 15 | H64: 65 | I64: LD2 | J64: ps6=0 | L64: end coda issue | O64: =if($I64="LH2",O63+$F64,O63+0) -> 864.8 | P64: =if($I64="LD2",P63+$F64,P63+0) -> 554.13 | Q64: =if($I64="dummy",Q63+$F64,Q63+0) -> 165.42
B65: 1640 | E65: 14 | F65: 50.14 | G65: 4067 | H65: 66 | I65: LD2 | J65: ps6=0 | M65: low trig6 count | O65: =if($I65="LH2",O64+$F65,O64+0) -> 864.8 | P65: =if($I65="LD2",P64+$F65,P64+0) -> 604.27 | Q65: =if($I65="dummy",Q64+$F65,Q64+0) -> 165.42
B66: 1641 | E66: 14 | F66: 44.96 | G66: 5907249 | H66: 61 | I66: LD2 | J66: ps6=0 | O66: =if($I66="LH2",O65+$F66,O65+0) -> 864.8 | P66: =if($I66="LD2",P65+$F66,P65+0) -> 649.23 | Q66: =if($I66="dummy",Q65+$F66,Q65+0) -> 165.42
B67: 1642 | E67: 14 | F67: 23.63 | G67: 3087685 | H67: 30 | I67: LD2 | J67: ps6=0 | O67: =if($I67="LH2",O66+$F67,O66+0) -> 864.8 | P67: =if($I67="LD2",P66+$F67,P66+0) -> 672.86 | Q67: =if($I67="dummy",Q66+$F67,Q66+0) -> 165.42
B68: 1643 | E68: 14 | F68: 44.89 | G68: 5909963 | H68: 68 | I68: LD2 | J68: ps6=0 | O68: =if($I68="LH2",O67+$F68,O67+0) -> 864.8 | P68: =if($I68="LD2",P67+$F68,P67+0) -> 717.75 | Q68: =if($I68="dummy",Q67+$F68,Q67+0) -> 165.42
B69: 1644 | E69: 14 | H69: 65 | I69: LD2 | J69: ps6=0 | L69: end coda issue | O69: =if($I69="LH2",O68+$F69,O68+0) -> 864.8 | P69: =if($I69="LD2",P68+$F69,P68+0) -> 717.75 | Q69: =if($I69="dummy",Q68+$F69,Q68+0) -> 165.42
B70: 1645 | E70: 14 | F70: 87.09 | G70: 5427542 | H70: 118 | I70: LD2 | J70: ps6=0 | L70: Time & Charge total looks like 1644+1645 | O70: =if($I70="LH2",O69+$F70,O69+0) -> 864.8 | P70: =if($I70="LD2",P69+$F70,P69+0) -> 804.84 | Q70: =if($I70="dummy",Q69+$F70,Q69+0) -> 165.42
B71: 1646 | E71: 28 | F71: 89.2 | G71: 3097832 | H71: 64 | I71: LH2 | J71: ps6=0 | O71: =if($I71="LH2",O70+$F71,O70+0) -> 954 | P71: =if($I71="LD2",P70+$F71,P70+0) -> 804.84 | Q71: =if($I71="dummy",Q70+$F71,Q70+0) -> 165.42
B72: 1647 | E72: 28 | F72: 78.31 | G72: 2769554 | H72: 47 | I72: LH2 | J72: ps6=0 | O72: =if($I72="LH2",O71+$F72,O71+0) -> 1032.31 | P72: =if($I72="LD2",P71+$F72,P71+0) -> 804.84 | Q72: =if($I72="dummy",Q71+$F72,Q71+0) -> 165.42
B73: 1648 | E73: 28 | F73: 96.51 | G73: 3312618 | H73: 59 | I73: LH2 | J73: ps6=0 | O73: =if($I73="LH2",O72+$F73,O72+0) -> 1128.82 | P73: =if($I73="LD2",P72+$F73,P72+0) -> 804.84 | Q73: =if($I73="dummy",Q72+$F73,Q72+0) -> 165.42
B74: 1649 | E74: 28 | F74: 33.21 | G74: 1151466 | H74: 28 | I74: LH2 | J74: ps6=0 | O74: =if($I74="LH2",O73+$F74,O73+0) -> 1162.03 | P74: =if($I74="LD2",P73+$F74,P73+0) -> 804.84 | Q74: =if($I74="dummy",Q73+$F74,Q73+0) -> 165.42
B75: 1650 | C75: junk | E75: 30 | H75: 1 | I75: LH2 | J75: ps6=0 | O75: =if($I75="LH2",O74+$F75,O74+0) -> 1162.03 | P75: =if($I75="LD2",P74+$F75,P74+0) -> 804.84 | Q75: =if($I75="dummy",Q74+$F75,Q74+0) -> 165.42
B76: 1651 | C76: junk | E76: 30 | H76: 1 | I76: LH2 | J76: ps6=0 | O76: =if($I76="LH2",O75+$F76,O75+0) -> 1162.03 | P76: =if($I76="LD2",P75+$F76,P75+0) -> 804.84 | Q76: =if($I76="dummy",Q75+$F76,Q75+0) -> 165.42
B77: 1652 | E77: 28 | F77: 42.92 | G77: 1506661 | H77: 31 | I77: LH2 | J77: ps6=0 | O77: =if($I77="LH2",O76+$F77,O76+0) -> 1204.95 | P77: =if($I77="LD2",P76+$F77,P76+0) -> 804.84 | Q77: =if($I77="dummy",Q76+$F77,Q76+0) -> 165.42
B78: 1653 | C78: junk | E78: 28 | H78: 2 | I78: LH2 | J78: ps6=0 | O78: =if($I78="LH2",O77+$F78,O77+0) -> 1204.95 | P78: =if($I78="LD2",P77+$F78,P77+0) -> 804.84 | Q78: =if($I78="dummy",Q77+$F78,Q77+0) -> 165.42
B79: 1654 | C79: junk | E79: 28 | H79: 1 | I79: LH2 | J79: ps6=0 | O79: =if($I79="LH2",O78+$F79,O78+0) -> 1204.95 | P79: =if($I79="LD2",P78+$F79,P78+0) -> 804.84 | Q79: =if($I79="dummy",Q78+$F79,Q78+0) -> 165.42
B80: 1655 | C80: junk | E80: 27 | H80: 1 | I80: LH2 | J80: ps6=0 | O80: =if($I80="LH2",O79+$F80,O79+0) -> 1204.95 | P80: =if($I80="LD2",P79+$F80,P79+0) -> 804.84 | Q80: =if($I80="dummy",Q79+$F80,Q79+0) -> 165.42
B81: 1656 | C81: special | E81: 9 | F81: 29.25 | G81: 996097 | H81: 59 | I81: LH2 | J81: ps6=0 | L81: Peter's low current run with adjusted PAIR_THR=600 | O81: =if($I81="LH2",O80+$F81,O80+0) -> 1234.2 | P81: =if($I81="LD2",P80+$F81,P80+0) -> 804.84 | Q81: =if($I81="dummy",Q80+$F81,Q80+0) -> 165.42
B82: 1657 | C82: efficiency | E82: 9 | F82: 8.61 | G82: 170270 | H82: 17 | I82: LH2 | J82: ps3=2 | O82: =if($I82="LH2",O81+$F82,O81+0) -> 1242.81 | P82: =if($I82="LD2",P81+$F82,P81+0) -> 804.84 | Q82: =if($I82="dummy",Q81+$F82,Q81+0) -> 165.42
B83: 1658 | C83: efficiency | E83: 27 | F83: 46.88 | G83: 1660101 | H83: 34 | I83: LH2 | J83: ps3=4 | O83: =if($I83="LH2",O82+$F83,O82+0) -> 1289.69 | P83: =if($I83="LD2",P82+$F83,P82+0) -> 804.84 | Q83: =if($I83="dummy",Q82+$F83,Q82+0) -> 165.42
B84: 1659 | E84: 25 | F84: 8.69 | G84: 323165 | H84: 19 | I84: dummy | J84: ps6=0 | O84: =if($I84="LH2",O83+$F84,O83+0) -> 1289.69 | P84: =if($I84="LD2",P83+$F84,P83+0) -> 804.84 | Q84: =if($I84="dummy",Q83+$F84,Q83+0) -> 174.11
B85: 1660 | C85: LED | E85: 0 | F85: 0 | G85: 86009 | H85: 23 | I85: dummy | J85: ps2=0 | O85: =if($I85="LH2",O84+$F85,O84+0) -> 1289.69 | P85: =if($I85="LD2",P84+$F85,P84+0) -> 804.84 | Q85: =if($I85="dummy",Q84+$F85,Q84+0) -> 174.11
B86: 1661 | E86: 27 | F86: 45.53 | G86: 1370898 | H86: 31 | I86: dummy | J86: ps6=0 | O86: =if($I86="LH2",O85+$F86,O85+0) -> 1289.69 | P86: =if($I86="LD2",P85+$F86,P85+0) -> 804.84 | Q86: =if($I86="dummy",Q85+$F86,Q85+0) -> 219.64
B87: 1662 | E87: 14 | F87: 15.4 | G87: 2028502 | H87: 20 | I87: LD2 | J87: ps6=0 | O87: =if($I87="LH2",O86+$F87,O86+0) -> 1289.69 | P87: =if($I87="LD2",P86+$F87,P86+0) -> 820.24 | Q87: =if($I87="dummy",Q86+$F87,Q86+0) -> 219.64
B88: 1663 | E88: 14 | F88: 16.49 | G88: 2407020 | H88: 21 | I88: LD2 | J88: ps6=0 | L88: Sweeper set to 234A | O88: =if($I88="LH2",O87+$F88,O87+0) -> 1289.69 | P88: =if($I88="LD2",P87+$F88,P87+0) -> 836.73 | Q88: =if($I88="dummy",Q87+$F88,Q87+0) -> 219.64
B89: 1664 | E89: 14 | F89: 8.21 | G89: 1383823 | H89: 17 | I89: LD2 | J89: ps6=0 | L89: Sweeper set to 0A | O89: =if($I89="LH2",O88+$F89,O88+0) -> 1289.69 | P89: =if($I89="LD2",P88+$F89,P88+0) -> 844.94 | Q89: =if($I89="dummy",Q88+$F89,Q88+0) -> 219.64
B90: 1665 | E90: 14 | G90: 2314342 | H90: 21 | I90: LD2 | J90: ps6=0 | L90: end of run shows 0mC accumulated charge | O90: =if($I90="LH2",O89+$F90,O89+0) -> 1289.69 | P90: =if($I90="LD2",P89+$F90,P89+0) -> 844.94 | Q90: =if($I90="dummy",Q89+$F90,Q89+0) -> 219.64
B91: 1666 | C91: efficiency | E91: 14 | G91: 785562 | H91: 34 | I91: LD2 | J91: ps3=5 | L91: 0mC accumulated charge | O91: =if($I91="LH2",O90+$F91,O90+0) -> 1289.69 | P91: =if($I91="LD2",P90+$F91,P90+0) -> 844.94 | Q91: =if($I91="dummy",Q90+$F91,Q90+0) -> 219.64
B92: 1667 | C92: efficiency | E92: 14 | G92: 586337 | H92: 8 | I92: LD2 | J92: ps3=5 | L92: 0mC accumulated charge nps vme reset | O92: =if($I92="LH2",O91+$F92,O91+0) -> 1289.69 | P92: =if($I92="LD2",P91+$F92,P91+0) -> 844.94 | Q92: =if($I92="dummy",Q91+$F92,Q91+0) -> 219.64
B93: 1668 | C93: efficiency | E93: 14 | G93: 986450 | H93: 26 | I93: LD2 | J93: ps3=4 | L93: 0mC accumulated charge | O93: =if($I93="LH2",O92+$F93,O92+0) -> 1289.69 | P93: =if($I93="LD2",P92+$F93,P92+0) -> 844.94 | Q93: =if($I93="dummy",Q92+$F93,Q92+0) -> 219.64
B94: 1669 | C94: efficiency | E94: 14 | G94: 310785 | H94: 25 | I94: LD2 | J94: ps3=3 | L94: 0mC accumulated charge | O94: =if($I94="LH2",O93+$F94,O93+0) -> 1289.69 | P94: =if($I94="LD2",P93+$F94,P93+0) -> 844.94 | Q94: =if($I94="dummy",Q93+$F94,Q93+0) -> 219.64
B95: 1670 | C95: junk | E95: 0 | G95: 55540 | H95: 4 | I95: LD2 | J95: ps3=3 | L95: 0mC accumulated charge | O95: =if($I95="LH2",O94+$F95,O94+0) -> 1289.69 | P95: =if($I95="LD2",P94+$F95,P94+0) -> 844.94 | Q95: =if($I95="dummy",Q94+$F95,Q94+0) -> 219.64
A96: 45206 | B96: 1671 | E96: 14 | F96: 42.22 | G96: 5375761 | H96: 58 | I96: LD2 | J96: ps6=0 | L96: End of run info script fixed | O96: =if($I96="LH2",O95+$F96,O95+0) -> 1289.69 | P96: =if($I96="LD2",P95+$F96,P95+0) -> 887.16 | Q96: =if($I96="dummy",Q95+$F96,Q95+0) -> 219.64
B97: 1672 | E97: 14 | F97: 47.93 | G97: 6033506 | H97: 58 | I97: LD2 | J97: ps6=0 | O97: =if($I97="LH2",O96+$F97,O96+0) -> 1289.69 | P97: =if($I97="LD2",P96+$F97,P96+0) -> 935.09 | Q97: =if($I97="dummy",Q96+$F97,Q96+0) -> 219.64
B98: 1673 | E98: 14 | F98: 45.11 | G98: 5595058 | H98: 58 | I98: LD2 | J98: ps6=0 | O98: =if($I98="LH2",O97+$F98,O97+0) -> 1289.69 | P98: =if($I98="LD2",P97+$F98,P97+0) -> 980.2 | Q98: =if($I98="dummy",Q97+$F98,Q97+0) -> 219.64
B99: 1674 | E99: 14 | F99: 53.75 | G99: 6599556 | H99: 66 | I99: LD2 | J99: ps6=0 | O99: =if($I99="LH2",O98+$F99,O98+0) -> 1289.69 | P99: =if($I99="LD2",P98+$F99,P98+0) -> 1033.95 | Q99: =if($I99="dummy",Q98+$F99,Q98+0) -> 219.64
B100: 1675 | E100: 14 | F100: 47.67 | G100: 5812778 | H100: 64 | I100: LD2 | J100: ps6=0 | O100: =if($I100="LH2",O99+$F100,O99+0) -> 1289.69 | P100: =if($I100="LD2",P99+$F100,P99+0) -> 1081.62 | Q100: =if($I100="dummy",Q99+$F100,Q99+0) -> 219.64
...

Sheet 3p_commissionning
E1: HMS mom | F1: HMS angle | G1: SHMS angle | H1: calo angle | I1: calo distance | L1: Collimator
A2: day | B2: run | C2: purpose | D2: Ibeam (uA) | J2: target | K2: Beam pass | M2: Presscale | N2: event # | O2: duration (min) | P2: Charge Accumulated | Q2: comments
A3: 45362 | B3: 5217 | C3: Elastic Calibration | D3: 30 | E3: 2.639 | F3: 35.96 | G3: 34.846 | H3: =G3-16.3 -> 18.546 | I3: 9.5 | J3: LH2 | K3: 3 | L3: L | M3: ps5=0 | N3: 81532 | O3: 30 | P3: 48.76
B4: 5218 | C4: Elastic Calibration | D4: 30 | E4: 2.639 | F4: 35.96 | G4: 34.846 | H4: =G4-16.3 -> 18.546 | I4: 9.5 | J4: LH2 | K4: 3 | L4: L | M4: ps5=0 | N4: 0 | O4: 11.27 | P4: 0 | Q4: junk
B5: 5219 | C5: Elastic Calibration | D5: 30 | E5: 2.639 | F5: 35.96 | G5: 34.846 | H5: =G5-16.3 -> 18.546 | I5: 9.5 | J5: LH2 | K5: 3 | L5: L | M5: ps5=0 | N5: 78066 | O5: 39.48 | P5: 46.69
B6: 5220 | C6: Elastic Calibration | D6: 30 | E6: 2.639 | F6: 35.96 | G6: 36.158 | H6: =G6-16.3 -> 19.858 | I6: 9.5 | J6: LH2 | K6: 3 | L6: L | M6: ps5=0 | N6: 93392 | O6: 28.54 | P6: 42.99
B7: 5221 | C7: Elastic Calibration | D7: 30 | E7: 2.639 | F7: 35.96 | G7: 36.158 | H7: =G7-16.3 -> 19.858 | I7: 9.5 | J7: LH2 | K7: 3 | L7: L | M7: ps5=0 | N7: 76805 | O7: 34.99 | P7: 35.86
B8: 5222 | C8: Elastic Calibration | D8: 30 | E8: 2.639 | F8: 35.96 | G8: 37.465 | H8: =G8-16.3 -> 21.165 | I8: 9.5 | J8: LH2 | K8: 3 | L8: L | M8: ps5=0 | N8: 89498 | O8: 29.14 | P8: 45.95 | Q8: first__epics_30 error maybe junk
B9: 5223 | C9: Elastic Calibration | D9: 30 | E9: 2.639 | F9: 35.96 | G9: 37.465 | H9: =G9-16.3 -> 21.165 | I9: 9.5 | J9: LH2 | K9: 3 | L9: L | M9: ps5=0 | N9: 86300 | O9: 29.59 | P9: 44.67
B10: 5224 | C10: Elastic Calibration | D10: 30 | E10: 2.639 | F10: 35.96 | G10: 37.465 | H10: =G10-16.3 -> 21.165 | I10: 9.5 | J10: LH2 | K10: 3 | L10: L | M10: ps5=0 | N10: 12897 | O10: 11 | P10: 6.72 | Q10: only 5mins of beam
B11: 5225 | C11: Elastic Calibration | D11: 30 | E11: 2.639 | F11: 35.96 | G11: 37.465 | H11: =G11-16.3 -> 21.165 | I11: 9.5 | J11: LH2 | K11: 3 | L11: L | M11: ps5=0 | N11: 72898 | O11: 23.93 | P11: 37.92
B12: 5226 | C12: Elastic Calibration | D12: 30 | E12: 2.639 | F12: 35.96 | G12: 34.86 | H12: =G12-16.3 -> 18.56 | I12: 9.5 | J12: LH2 | K12: 3 | L12: L | M12: ps5=0 | N12: 80111 | O12: 32.59 | P12: 47.31
B13: 5227 | C13: Elastic Calibration | D13: 30 | E13: 2.639 | F13: 35.96 | G13: 34.86 | H13: =G13-16.3 -> 18.56 | I13: 9.5 | J13: LH2 | K13: 3 | L13: L | M13: ps5=0 | N13: 95010 | O13: 34.09 | P13: 56.5
B14: 5228 | C14: Elastic Calibration | D14: 30 | E14: 2.639 | F14: 35.96 | G14: 36.155 | H14: =G14-16.3 -> 19.855 | I14: 9.5 | J14: LH2 | K14: 3 | L14: L | M14: ps5=0 | N14: 94876 | O14: 29.88 | P14: 44.14
B15: 5229 | C15: Elastic Calibration | D15: 30 | E15: 2.639 | F15: 35.96 | G15: 36.155 | H15: =G15-16.3 -> 19.855 | I15: 9.5 | J15: LH2 | K15: 3 | L15: L | M15: ps5=0 | N15: 31573 | O15: 12.88 | P15: 14.62
B16: 5230 | C16: Elastic Calibration | D16: 30 | E16: 2.639 | F16: 35.96 | G16: 36.155 | H16: =G16-16.3 -> 19.855 | I16: 9.5 | J16: LH2 | K16: 3 | L16: L | M16: ps5=0 | N16: 64668 | O16: 18.64 | P16: 30.06
B17: 5231 | C17: Elastic Calibration | D17: 30 | E17: 2.639 | F17: 35.96 | G17: 37.46 | H17: =G17-16.3 -> 21.16 | I17: 9.5 | J17: LH2 | K17: 3 | L17: L | M17: ps5=0 | N17: 93637 | O17: 28.97 | P17: 47.91
B18: 5232 | C18: Elastic Calibration | D18: 30 | E18: 2.639 | F18: 35.96 | G18: 37.46 | H18: =G18-16.3 -> 21.16 | I18: 9.5 | J18: LH2 | K18: 3 | L18: L | M18: ps5=0 | N18: 86276 | O18: 46.01 | P18: 43.53
B19: 5233 | C19: Elastic Calibration | D19: 30 | E19: 2.639 | F19: 35.96 | G19: 34.855 | H19: =G19-16.3 -> 18.555 | I19: 9.5 | J19: LH2 | K19: 3 | L19: L | M19: ps5=0 | N19: 81166 | O19: 29.02 | P19: 47.61
B20: 5234 | C20: Elastic Calibration | D20: 30 | E20: 2.639 | F20: 35.96 | G20: 34.855 | H20: =G20-16.3 -> 18.555 | I20: 9.5 | J20: LH2 | K20: 3 | L20: L | M20: ps5=0 | N20: 77803 | O20: 29.64 | P20: 45.96
B21: 5235 | C21: Elastic Calibration | D21: 30 | E21: 2.639 | F21: 35.96 | G21: 36.155 | H21: =G21-16.3 -> 19.855 | I21: 9.5 | J21: LH2 | K21: 3 | L21: L | M21: ps5=0 | N21: 97749 | O21: 26.98 | P21: 45.31
B22: 5236 | C22: Elastic Calibration | D22: 30 | E22: 2.639 | F22: 35.96 | G22: 36.155 | H22: =G22-16.3 -> 19.855 | I22: 9.5 | J22: LH2 | K22: 3 | L22: L | M22: ps5=0 | N22: 85369 | O22: 25.15 | P22: 39.1
A24: 45404 | B24: 6151 | C24: Elastic Calibration | D24: 25 | E24: 2.639 | F24: 35.965 | G24: 37.47 | H24: =G24-16.55 -> 20.92 | I24: 9.5 | J24: LH2 | K24: 3 | L24: L | M24: ps5=0 | N24: 155820 | O24: 37.79 | P24: 35.61
B25: 6152 | C25: Elastic Calibration | D25: 25 | E25: 2.639 | F25: 35.965 | G25: 37.47 | H25: =G25-16.55 -> 20.92 | I25: 9.5 | J25: LH2 | K25: 3 | L25: L | M25: ps5=0 | N25: 143383 | O25: 29.26 | P25: 40
B26: 6153 | C26: Elastic Calibration | D26: 25 | E26: 2.639 | F26: 35.965 | G26: 36.17 | H26: =G26-16.55 -> 19.62 | I26: 9.5 | J26: LH3 | K26: 3 | L26: L | M26: ps5=0 | N26: 161322 | O26: 30.6 | P26: 43.05
A27: 45405 | B27: 6154 | C27: Elastic Calibration | D27: 25 | E27: 2.639 | F27: 35.965 | G27: 36.17 | H27: =G27-16.55 -> 19.62 | I27: 9.5 | J27: LH4 | K27: 3 | L27: L | M27: ps5=0 | N27: 171834 | O27: 31.56 | P27: 46.2
B28: 6155 | C28: Elastic Calibration | D28: 25 | E28: 2.639 | F28: 35.965 | G28: 34.86 | H28: =G28-16.55 -> 18.31 | I28: 9.5 | J28: LH5 | K28: 3 | L28: L | M28: ps5=0 | N28: 159684 | O28: 35.82 | P28: 44.19
B29: 6156 | C29: Elastic Calibration | D29: 25 | E29: 2.639 | F29: 35.965 | G29: 34.86 | H29: =G29-16.55 -> 18.31 | I29: 9.5 | J29: LH6 | K29: 3 | L29: L | M29: ps5=0 | N29: 149979 | O29: 32.14 | P29: 44.99
B30: 6157 | C30: Elastic Calibration | D30: 25 | E30: 2.639 | F30: 35.965 | G30: 37.47 | H30: =G30-16.55 -> 20.92 | I30: 9.5 | J30: LH7 | K30: 3 | L30: L | M30: ps5=0 | N30: 150337 | O30: 29.46 | P30: 43.03
B31: 6158 | C31: Elastic Calibration | D31: 25 | E31: 2.639 | F31: 35.965 | G31: 37.47 | H31: =G31-16.55 -> 20.92 | I31: 9.5 | J31: LH8 | K31: 3 | L31: L | M31: ps5=0 | N31: 149041 | O31: 30.04 | P31: 41.27
B32: 6159 | C32: Elastic Calibration | D32: 25 | E32: 2.639 | F32: 35.965 | G32: 36.17 | H32: =G32-16.55 -> 19.62 | I32: 9.5 | J32: LH9 | K32: 3 | L32: L | M32: ps5=0 | N32: 160994 | O32: 31.95 | P32: 41.03
B33: 6160 | C33: Elastic Calibration | D33: 25 | E33: 2.639 | F33: 35.965 | G33: 36.17 | H33: =G33-16.55 -> 19.62 | I33: 9.5 | J33: LH10 | K33: 3 | L33: L | M33: ps5=0 | N33: 167315 | O33: 32.49 | P33: 43.02
B34: 6161 | C34: Elastic Calibration | D34: 25 | E34: 2.639 | F34: 35.965 | G34: 34.86 | H34: =G34-16.55 -> 18.31 | I34: 9.5 | J34: LH11 | K34: 3 | L34: L | M34: ps5=0 | N34: 166122 | O34: 34.4 | P34: 51.06
B35: 6162 | C35: Elastic Calibration | D35: 25 | E35: 2.639 | F35: 35.965 | G35: 34.86 | H35: =G35-16.55 -> 18.31 | I35: 9.5 | J35: LH12 | K35: 3 | L35: L | M35: ps5=0 | N35: 152260 | O35: 31.57 | P35: 46.96
B36: 6163 | C36: Elastic Calibration | D36: 25 | E36: 2.639 | F36: 35.965 | G36: 37.47 | H36: =G36-16.55 -> 20.92 | I36: 9.5 | J36: LH13 | K36: 3 | L36: L | M36: ps5=0 | N36: 124207 | O36: 26.02 | P36: 33.58
B37: 6164 | C37: Elastic Calibration | D37: 25 | E37: 2.639 | F37: 35.965 | G37: 37.47 | H37: =G37-16.55 -> 20.92 | I37: 9.5 | J37: LH14 | K37: 3 | L37: L | M37: ps5=0 | N37: 175646 | O37: 36.45 | P37: 47.98
B38: 6165 | C38: Elastic Calibration | D38: 25 | E38: 2.639 | F38: 35.965 | G38: 36.17 | H38: =G38-16.55 -> 19.62 | I38: 9.5 | J38: LH15 | K38: 3 | L38: L | M38: ps5=0 | N38: 161712 | O38: 31.45 | P38: 42.28
B39: 6166 | C39: Elastic Calibration | D39: 25 | E39: 2.639 | F39: 35.965 | G39: 36.17 | H39: =G39-16.55 -> 19.62 | I39: 9.5 | J39: LH15 | K39: 3 | L39: L | M39: ps5=0 | N39: 170832 | O39: 31.36 | P39: 46.39
... B41: 6168 | C41: Elastic Calibration | D41: 25 | E41: 2.639 | F41: 35.965 | G41: 34.86 | H41: =G41-16.55 -> 18.31 | I41: 9.5 | J41: LH15 | K41: 3 | L41: L | M41: ps5=0 | N41: 82420 | O41: 18.18 | P41: 24.04
A43: 45421 | C43: HMS Elastic Production

Sheet Sheet12
F1: HMS mom | G1: HMS angle | H1: SHMS angle | I1: calo angle | L1: calo distance | N1: Required Charge Total (Coulomb) | Q1: % of goal | R1: % of goal | S1: % of goal
F2: -6.667 GeV | G2: 12.493 deg | H2: 35.446 | I2: 19.146 | L2: 4m | N2: ='Totals % Goal'!F17 -> 0.7 | Q2: =MAX(Q5:Q997)/(N2*1000) -> 0.90134286 | R2: =MAX(R5:R997)/(N2*1000) -> 0.74034286 | S2: =MAX(S5:S997)/MAX(Q5:Q997) -> 0.1239896
Q3: accumulated charge (mC)
A4: day | B4: run | C4: Type | D4: SHMS angle | E4: Ibeam (uA) | F4: charge (mC) | G4: TS6 event # | H4: duration (min) | I4: target | J4: prescale | K4: coin status | O4: Clust Pair Thresh | P4: Clust read thresh | Q4: LH2 | R4: LD2 | S4: Dummy
A5: 45313 | B5: 3783 | C5: junk | D5: 35.441 | E5: 35 | F5: 0 | G5: 49484 | H5: 0.34 | I5: LH2 | J5: ps6=0 | K5: sparse | O5: =if(K5="low","140MeV","750MeV") -> 750MeV | P5: =if(K5="low","140MeV","650MeV") -> 650MeV | Q5: =if($I5="LH2",0+$F5,0) -> 0 | R5: 0 | S5: 0
B6: 3784 | C6: production | D6: 35.441 | E6: 35 | F6: 100 | G6: 0 | H6: 60 | I6: LH2 | J6: ps6=0 | K6: sparse | L6: no end of run coda entry | O6: =if(K6="low","140MeV","750MeV") -> 750MeV | P6: =if(K6="low","140MeV","650MeV") -> 650MeV | Q6: =if($I6="LH2",Q5+$F6,Q5+0) -> 100 | R6: =if($I6="LD2",R5+$F6,R5+0) -> 0 | S6: =if($I6="dummy",S5+$F6,S5+0) -> 0
B7: 3785 | C7: production | D7: 35.441 | E7: 35 | F7: 102.1 | G7: 10850314 | H7: 74.85 | I7: LH2 | J7: ps6=0 | K7: sparse | O7: =if(K7="low","140MeV","750MeV") -> 750MeV | P7: =if(K7="low","140MeV","650MeV") -> 650MeV | Q7: =if($I7="LH2",Q6+$F7,Q6+0) -> 202.1 | R7: =if($I7="LD2",R6+$F7,R6+0) -> 0 | S7: =if($I7="dummy",S6+$F7,S6+0) -> 0
B8: 3786 | C8: production | D8: 35.441 | E8: 20 | F8: 23.73 | G8: 1407225 | H8: 20.56 | I8: LH2 | J8: ps6=0 | K8: sparse | O8: =if(K8="low","140MeV","750MeV") -> 750MeV | P8: =if(K8="low","140MeV","650MeV") -> 650MeV | Q8: =if($I8="LH2",Q7+$F8,Q7+0) -> 225.83 | R8: =if($I8="LD2",R7+$F8,R7+0) -> 0 | S8: =if($I8="dummy",S7+$F8,S7+0) -> 0
B9: 3787 | C9: production | D9: 35.441 | E9: 10 | F9: 22.92 | G9: 752480 | H9: 38.88 | I9: LH2 | J9: ps6=0 | K9: sparse | O9: =if(K9="low","140MeV","750MeV") -> 750MeV | P9: =if(K9="low","140MeV","650MeV") -> 650MeV | Q9: =if($I9="LH2",Q8+$F9,Q8+0) -> 248.75 | R9: =if($I9="LD2",R8+$F9,R8+0) -> 0 | S9: =if($I9="dummy",S8+$F9,S8+0) -> 0
B10: 3788 | C10: efficiency | D10: 35.441 | E10: 20 | F10: 23.68 | G10: 1451933 | H10: 20.11 | I10: LH2 | J10: ps4=0 | K10: sparse | O10: =if(K10="low","140MeV","750MeV") -> 750MeV | P10: =if(K10="low","140MeV","650MeV") -> 650MeV | Q10: =if($I10="LH2",Q9+$F10,Q9+0) -> 272.43 | R10: =if($I10="LD2",R9+$F10,R9+0) -> 0 | S10: =if($I10="dummy",S9+$F10,S9+0) -> 0
B11: 3789 | C11: junk | D11: 35.441 | E11: 35 | F11: 0 | G11: 112853 | H11: 0.56 | I11: LH2 | J11: ps6=2 | K11: off | O11: =if(K11="low","140MeV","750MeV") -> 750MeV | P11: =if(K11="low","140MeV","650MeV") -> 650MeV | Q11: =if($I11="LH2",Q10+$F11,Q10+0) -> 272.43 | R11: =if($I11="LD2",R10+$F11,R10+0) -> 0 | S11: =if($I11="dummy",S10+$F11,S10+0) -> 0
B12: 3790 | C12: production | D12: 35.441 | E12: 35 | F12: 27.67 | G12: 2540927 | H12: 14.33 | I12: LH2 | J12: ps6=3 | K12: off | O12: =if(K12="low","140MeV","750MeV") -> 750MeV | P12: =if(K12="low","140MeV","650MeV") -> 650MeV | Q12: =if($I12="LH2",Q11+$F12,Q11+0) -> 300.1 | R12: =if($I12="LD2",R11+$F12,R11+0) -> 0 | S12: =if($I12="dummy",S11+$F12,S11+0) -> 0
B13: 3791 | C13: production | D13: 35.441 | E13: 30 | F13: 25.94 | G13: 2497587 | H13: 14.38 | I13: dummy | J13: ps6=0 | K13: sparse | O13: =if(K13="low","140MeV","750MeV") -> 750MeV | P13: =if(K13="low","140MeV","650MeV") -> 650MeV | Q13: =if($I13="LH2",Q12+$F13,Q12+0) -> 300.1 | R13: =if($I13="LD2",R12+$F13,R12+0) -> 0 | S13: =if($I13="dummy",S12+$F13,S12+0) -> 25.94
B14: 3792 | C14: junk | D14: 35.441 | E14: 30 | F14: 0 | G14: 1192 | H14: 0.5 | I14: dummy | J14: ps6=0 | K14: sparse | O14: =if(K14="low","140MeV","750MeV") -> 750MeV | P14: =if(K14="low","140MeV","650MeV") -> 650MeV | Q14: =if($I14="LH2",Q13+$F14,Q13+0) -> 300.1 | R14: =if($I14="LD2",R13+$F14,R13+0) -> 0 | S14: =if($I14="dummy",S13+$F14,S13+0) -> 25.94
B15: 3793 | C15: production | D15: 35.441 | E15: 20 | F15: 24 | G15: 1430258 | H15: 22.57 | I15: LD2 | J15: ps6=0 | K15: sparse | O15: =if(K15="low","140MeV","750MeV") -> 750MeV | P15: =if(K15="low","140MeV","650MeV") -> 650MeV | Q15: =if($I15="LH2",Q14+$F15,Q14+0) -> 300.1 | R15: =if($I15="LD2",R14+$F15,R14+0) -> 24 | S15: =if($I15="dummy",S14+$F15,S14+0) -> 25.94
B16: 3794 | C16: production | D16: 35.441 | E16: 20 | F16: 10.19 | G16: 4130667 | H16: 11.51 | I16: LD2 | J16: ps6=0 | K16: sparse | O16: =if(K16="low","140MeV","750MeV") -> 750MeV | P16: =if(K16="low","140MeV","650MeV") -> 650MeV | Q16: =if($I16="LH2",Q15+$F16,Q15+0) -> 300.1 | R16: =if($I16="LD2",R15+$F16,R15+0) -> 34.19 | S16: =if($I16="dummy",S15+$F16,S15+0) -> 25.94
B17: 3795 | C17: junk | D17: 35.441 | E17: 20 | F17: 0 | G17: 0 | H17: 27 | I17: LD2 | J17: ps6=0 | K17: sparse | L17: daq crashed | O17: =if(K17="low","140MeV","750MeV") -> 750MeV | P17: =if(K17="low","140MeV","650MeV") -> 650MeV | Q17: =if($I17="LH2",Q16+$F17,Q16+0) -> 300.1 | R17: =if($I17="LD2",R16+$F17,R16+0) -> 34.19 | S17: =if($I17="dummy",S16+$F17,S16+0) -> 25.94
B18: 3796 | C18: production | D18: 35.441 | E18: 20 | F18: 39.15 | G18: 11560022 | H18: 57.1 | I18: LD2 | J18: ps6=0 | K18: sparse | O18: =if(K18="low","140MeV","750MeV") -> 750MeV | P18: =if(K18="low","140MeV","650MeV") -> 650MeV | Q18: =if($I18="LH2",Q17+$F18,Q17+0) -> 300.1 | R18: =if($I18="LD2",R17+$F18,R17+0) -> 73.34 | S18: =if($I18="dummy",S17+$F18,S17+0) -> 25.94
B19: 3797 | C19: production | D19: 35.441 | E19: 12 | F19: 39.56 | G19: 11684360 | H19: 58.38 | I19: LD2 | J19: ps6=0 | K19: sparse | O19: =if(K19="low","140MeV","750MeV") -> 750MeV | P19: =if(K19="low","140MeV","650MeV") -> 650MeV | Q19: =if($I19="LH2",Q18+$F19,Q18+0) -> 300.1 | R19: =if($I19="LD2",R18+$F19,R18+0) -> 112.9 | S19: =if($I19="dummy",S18+$F19,S18+0) -> 25.94
B20: 3798 | C20: production | D20: 35.441 | E20: 12 | F20: 41.85 | G20: 12269246 | H20: 61.11 | I20: LD2 | J20: ps6=0 | K20: sparse | O20: =if(K20="low","140MeV","750MeV") -> 750MeV | P20: =if(K20="low","140MeV","650MeV") -> 650MeV | Q20: =if($I20="LH2",Q19+$F20,Q19+0) -> 300.1 | R20: =if($I20="LD2",R19+$F20,R19+0) -> 154.75 | S20: =if($I20="dummy",S19+$F20,S19+0) -> 25.94
B21: 3799 | C21: production | D21: 35.441 | E21: 12 | F21: 38.91 | G21: 11528307 | H21: 57.85 | I21: LD2 | J21: ps6=0 | K21: sparse | O21: =if(K21="low","140MeV","750MeV") -> 750MeV | P21: =if(K21="low","140MeV","650MeV") -> 650MeV | Q21: =if($I21="LH2",Q20+$F21,Q20+0) -> 300.1 | R21: =if($I21="LD2",R20+$F21,R20+0) -> 193.66 | S21: =if($I21="dummy",S20+$F21,S20+0) -> 25.94
B22: 3800 | C22: production | D22: 35.441 | E22: 10 | F22: 10.1 | G22: 2430268 | H22: 19.45 | I22: LD2 | J22: ps6=0 | K22: sparse | O22: =if(K22="low","140MeV","750MeV") -> 750MeV | P22: =if(K22="low","140MeV","650MeV") -> 650MeV | Q22: =if($I22="LH2",Q21+$F22,Q21+0) -> 300.1 | R22: =if($I22="LD2",R21+$F22,R21+0) -> 203.76 | S22: =if($I22="dummy",S21+$F22,S21+0) -> 25.94
B23: 3801 | C23: production | D23: 35.441 | E23: 5 | F23: 11.79 | G23: 1356310 | H23: 38.19 | I23: LD2 | J23: ps6=0 | K23: sparse | O23: =if(K23="low","140MeV","750MeV") -> 750MeV | P23: =if(K23="low","140MeV","650MeV") -> 650MeV | Q23: =if($I23="LH2",Q22+$F23,Q22+0) -> 300.1 | R23: =if($I23="LD2",R22+$F23,R22+0) -> 215.55 | S23: =if($I23="dummy",S22+$F23,S22+0) -> 25.94
B24: 3802 | C24: junk | D24: 35.441 | E24: 10 | F24: 0 | G24: 219620 | H24: 1.6 | I24: LD2 | J24: ps4=0 | K24: sparse | L24: HMS Q1 Trip out | O24: =if(K24="low","140MeV","750MeV") -> 750MeV | P24: =if(K24="low","140MeV","650MeV") -> 650MeV | Q24: =if($I24="LH2",Q23+$F24,Q23+0) -> 300.1 | R24: =if($I24="LD2",R23+$F24,R23+0) -> 215.55 | S24: =if($I24="dummy",S23+$F24,S23+0) -> 25.94
B25: 3803 | C25: junk | D25: 35.441 | E25: 10 | F25: 0 | G25: 2873203 | H25: 19.84 | I25: LD2 | J25: ps4=0 | K25: sparse | L25: ps6 and ps4 on | O25: =if(K25="low","140MeV","750MeV") -> 750MeV | P25: =if(K25="low","140MeV","650MeV") -> 650MeV | Q25: =if($I25="LH2",Q24+$F25,Q24+0) -> 300.1 | R25: =if($I25="LD2",R24+$F25,R24+0) -> 215.55 | S25: =if($I25="dummy",S24+$F25,S24+0) -> 25.94
B26: 3804 | C26: efficiency | D26: 35.441 | E26: 10 | F26: 8.55 | G26: 2045840 | H26: 15 | I26: LD2 | J26: ps4=0 | K26: sparse | O26: =if(K26="low","140MeV","750MeV") -> 750MeV | P26: =if(K26="low","140MeV","650MeV") -> 650MeV | Q26: =if($I26="LH2",Q25+$F26,Q25+0) -> 300.1 | R26: =if($I26="LD2",R25+$F26,R25+0) -> 224.1 | S26: =if($I26="dummy",S25+$F26,S25+0) -> 25.94
B27: 3805 | C27: junk | D27: 35.441 | E27: 12 | F27: 0 | G27: 74735 | H27: 0 | I27: LD2 | J27: ps6=1 | K27: off | O27: =if(K27="low","140MeV","750MeV") -> 750MeV | P27: =if(K27="low","140MeV","650MeV") -> 650MeV | Q27: =if($I27="LH2",Q26+$F27,Q26+0) -> 300.1 | R27: =if($I27="LD2",R26+$F27,R26+0) -> 224.1 | S27: =if($I27="dummy",S26+$F27,S26+0) -> 25.94
B28: 3806 | C28: production | D28: 35.441 | E28: 12 | F28: 10.94 | G28: 2662074 | H28: 15.94 | I28: LD2 | J28: ps6=3 | K28: off | O28: =if(K28="low","140MeV","750MeV") -> 750MeV | P28: =if(K28="low","140MeV","650MeV") -> 650MeV | Q28: =if($I28="LH2",Q27+$F28,Q27+0) -> 300.1 | R28: =if($I28="LD2",R27+$F28,R27+0) -> 235.04 | S28: =if($I28="dummy",S27+$F28,S27+0) -> 25.94
A29: 45314 | B29: 3833 | C29: junk | D29: 35.438 | E29: 40 | F29: 0 | G29: 8672 | H29: 0.05 | I29: LH2 | J29: ps6=0 | K29: sparse | O29: =if(K29="low","140MeV","750MeV") -> 750MeV | P29: =if(K29="low","140MeV","650MeV") -> 650MeV | Q29: =if($I29="LH2",Q28+$F29,Q28+0) -> 300.1 | R29: =if($I29="LD2",R28+$F29,R28+0) -> 235.04 | S29: =if($I29="dummy",S28+$F29,S28+0) -> 25.94
B30: 3834 | C30: production | D30: 35.438 | E30: 40 | F30: 99.03 | G30: 7654460 | H30: 57.54 | I30: LH2 | J30: ps6=0 | K30: sparse | O30: =if(K30="low","140MeV","750MeV") -> 750MeV | P30: =if(K30="low","140MeV","650MeV") -> 650MeV | Q30: =if($I30="LH2",Q29+$F30,Q29+0) -> 399.13 | R30: =if($I30="LD2",R29+#REF!,R29+0) -> 235.04 | S30: =if($I30="dummy",S29+#REF!,S29+0) -> 25.94
B31: 3835 | C31: production | D31: 35.438 | E31: 40 | F31: 115 | G31: 9034123 | H31: 57.4 | I31: LH2 | J31: ps6=0 | K31: sparse | O31: =if(K31="low","140MeV","750MeV") -> 750MeV | P31: =if(K31="low","140MeV","650MeV") -> 650MeV | Q31: =if($I31="LH2",Q30+$F31,Q30+0) -> 514.13 | R31: =if($I31="LD2",R30+$F31,R30+0) -> 235.04 | S31: =if($I31="dummy",S30+$F31,S30+0) -> 25.94
B32: 3836 | C32: production | D32: 35.438 | E32: 20 | F32: 22.28 | G32: 765153 | H32: 19.25 | I32: LH2 | J32: ps6=0 | K32: sparse | O32: =if(K32="low","140MeV","750MeV") -> 750MeV | P32: =if(K32="low","140MeV","650MeV") -> 650MeV | Q32: =if($I32="LH2",Q31+$F32,Q31+0) -> 536.41 | R32: =if($I32="LD2",R31+$F32,R31+0) -> 235.04 | S32: =if($I32="dummy",S31+$F32,S31+0) -> 25.94
B33: 3837 | C33: production | D33: 35.438 | E33: 10 | F33: 22.87 | G33: 470880 | H33: 39.5 | I33: LH2 | J33: ps6=0 | K33: sparse | O33: =if(K33="low","140MeV","750MeV") -> 750MeV | P33: =if(K33="low","140MeV","650MeV") -> 650MeV | Q33: =if($I33="LH2",Q32+$F33,Q32+0) -> 559.28 | R33: =if($I33="LD2",R32+$F33,R32+0) -> 235.04 | S33: =if($I33="dummy",S32+$F33,S32+0) -> 25.94
B34: 3838 | C34: junk | D34: 35.438 | E34: 20 | F34: 0 | G34: 0 | H34: 5 | I34: LH2 | J34: ps4=0 | K34: sparse | L34: No end of run entry due to coda issue | O34: =if(K34="low","140MeV","750MeV") -> 750MeV | P34: =if(K34="low","140MeV","650MeV") -> 650MeV | Q34: =if($I34="LH2",Q33+$F34,Q33+0) -> 559.28 | R34: =if($I34="LD2",R33+$F34,R33+0) -> 235.04 | S34: =if($I34="dummy",S33+$F34,S33+0) -> 25.94
B35: 3839 | C35: efficiency | D35: 35.438 | E35: 20 | F35: 20 | G35: 0 | H35: 21 | I35: LH2 | J35: ps4=0 | K35: sparse | L35: No end of run entry due to coda issue | O35: =if(K35="low","140MeV","750MeV") -> 750MeV | P35: =if(K35="low","140MeV","650MeV") -> 650MeV | Q35: =if($I35="LH2",Q34+$F35,Q34+0) -> 579.28 | R35: =if($I35="LD2",R34+$F35,R34+0) -> 235.04 | S35: =if($I35="dummy",S34+$F35,S34+0) -> 25.94
B36: 3840 | C36: efficiency | D36: 35.438 | E36: 20 | F36: 21.62 | G36: 761558 | H36: 19.14 | I36: LH2 | J36: ps4=0 | K36: sparse | O36: =if(K36="low","140MeV","750MeV") -> 750MeV | P36: =if(K36="low","140MeV","650MeV") -> 650MeV | Q36: =if($I36="LH2",Q35+$F36,Q35+0) -> 600.9 | R36: =if($I36="LD2",R35+$F36,R35+0) -> 235.04 | S36: =if($I36="dummy",S35+$F36,S35+0) -> 25.94
B37: 3841 | C37: production | D37: 35.438 | E37: 40 | F37: 30.04 | G37: 1726662 | H37: 14.82 | I37: LH2 | J37: ps6=3 | K37: sparse | O37: =if(K37="low","140MeV","750MeV") -> 750MeV | P37: =if(K37="low","140MeV","650MeV") -> 650MeV | Q37: =if($I37="LH2",Q36+$F37,Q36+0) -> 630.94 | R37: =if($I37="LD2",R36+$F37,R36+0) -> 235.04 | S37: =if($I37="dummy",S36+$F37,S36+0) -> 25.94
B38: 3842 | C38: production | D38: 35.438 | E38: 30 | F38: 26.03 | G38: 1454728 | H38: 14.62 | I38: dummy | J38: ps6=0 | K38: sparse | O38: =if(K38="low","140MeV","750MeV") -> 750MeV | P38: =if(K38="low","140MeV","650MeV") -> 650MeV | Q38: =if($I38="LH2",Q37+$F38,Q37+0) -> 630.94 | R38: =if($I38="LD2",R37+$F38,R37+0) -> 235.04 | S38: =if($I38="dummy",S37+$F38,S37+0) -> 51.97
B39: 3843 | C39: production | D39: 35.438 | E39: 20 | F39: 26.26 | G39: 860611 | H39: 22.45 | I39: dummy | J39: ps6=0 | K39: sparse | O39: =if(K39="low","140MeV","750MeV") -> 750MeV | P39: =if(K39="low","140MeV","650MeV") -> 650MeV | Q39: =if($I39="LH2",Q38+$F39,Q38+0) -> 630.94 | R39: =if($I39="LD2",R38+$F39,R38+0) -> 235.04 | S39: =if($I39="dummy",S38+$F39,S38+0) -> 78.23
A40: 45315 | B40: 3844 | C40: production | D40: 35.438 | E40: 12 | F40: 37.04 | G40: 6474599 | H40: 57.18 | I40: LD2 | J40: ps6=0 | K40: sparse | O40: =if(K40="low","140MeV","750MeV") -> 750MeV | P40: =if(K40="low","140MeV","650MeV") -> 650MeV | Q40: =if($I40="LH2",Q39+#REF!,Q39+0) -> 630.94 | R40: =if($I40="LD2",R39+$F40,R39+0) -> 272.08 | S40: =if($I40="dummy",S39+#REF!,S39+0) -> 78.23
B41: 3845 | C41: junk | D41: 35.438 | E41: 12 | F41: 0 | G41: 1041 | H41: 1.28 | I41: LD2 | J41: ps6=0 | K41: sparse | L41: no beam | O41: =if(K41="low","140MeV","750MeV") -> 750MeV | P41: =if(K41="low","140MeV","650MeV") -> 650MeV | Q41: =if($I41="LH2",Q40+$F41,Q40+0) -> 630.94 | R41: =if($I41="LD2",R40+$F41,R40+0) -> 272.08 | S41: =if($I41="dummy",S40+$F41,S40+0) -> 78.23
B42: 3846 | C42: junk | D42: 35.438 | E42: 12 | F42: 0 | G42: 183 | H42: 132.29 | I42: LD2 | J42: ps6=0 | K42: sparse | L42: no beam | O42: =if(K42="low","140MeV","750MeV") -> 750MeV | P42: =if(K42="low","140MeV","650MeV") -> 650MeV | Q42: =if($I42="LH2",Q41+$F42,Q41+0) -> 630.94 | R42: =if($I42="LD2",R41+$F42,R41+0) -> 272.08 | S42: =if($I42="dummy",S41+$F42,S41+0) -> 78.23
B43: 3847 | C43: junk | D43: 35.438 | E43: 12 | F43: 0 | G43: 32110 | H43: 0.28 | I43: LD2 | J43: ps6=0 | K43: sparse | L43: no beam | O43: =if(K43="low","140MeV","750MeV") -> 750MeV | P43: =if(K43="low","140MeV","650MeV") -> 650MeV | Q43: =if($I43="LH2",Q42+$F43,Q42+0) -> 630.94 | R43: =if($I43="LD2",R42+$F43,R42+0) -> 272.08 | S43: =if($I43="dummy",S42+$F43,S42+0) -> 78.23
B44: 3848 | C44: production | D44: 35.438 | E44: 12 | F44: 31.59 | G44: 5361543 | H44: 59.62 | I44: LD2 | J44: ps6=0 | K44: sparse | L44: THcScalerEvtHandler Severe Warning | O44: =if(K44="low","140MeV","750MeV") -> 750MeV | P44: =if(K44="low","140MeV","650MeV") -> 650MeV | Q44: =if($I44="LH2",Q43+$F44,Q43+0) -> 630.94 | R44: =if($I44="LD2",R43+$F44,R43+0) -> 303.67 | S44: =if($I44="dummy",S43+$F44,S43+0) -> 78.23
B45: 3849 | C45: production | D45: 35.438 | E45: 12 | F45: 43.35 | G45: 7310427 | H45: 61.97 | I45: LD2 | J45: ps6=0 | K45: sparse | O45: =if(K45="low","140MeV","750MeV") -> 750MeV | P45: =if(K45="low","140MeV","650MeV") -> 650MeV | Q45: =if($I45="LH2",Q44+$F45,Q44+0) -> 630.94 | R45: =if($I45="LD2",R44+$F45,R44+0) -> 347.02 | S45: =if($I45="dummy",S44+$F45,S44+0) -> 78.23
B46: 3850 | C46: production | D46: 35.438 | E46: 12 | F46: 39.14 | G46: 6583038 | H46: 60.64 | I46: LD2 | J46: ps6=0 | K46: sparse | O46: =if(K46="low","140MeV","750MeV") -> 750MeV | P46: =if(K46="low","140MeV","650MeV") -> 650MeV | Q46: =if($I46="LH2",Q45+$F46,Q45+0) -> 630.94 | R46: =if($I46="LD2",R45+$F46,R45+0) -> 386.16 | S46: =if($I46="dummy",S45+$F46,S45+0) -> 78.23
B47: 3851 | C47: production | D47: 35.438 | E47: 12 | F47: 43.73 | G47: 7518713 | H47: 77.65 | I47: LD2 | J47: ps6=0 | K47: sparse | O47: =if(K47="low","140MeV","750MeV") -> 750MeV | P47: =if(K47="low","140MeV","650MeV") -> 650MeV | Q47: =if($I47="LH2",Q46+$F47,Q46+0) -> 630.94 | R47: =if($I47="LD2",R46+$F47,R46+0) -> 429.89 | S47: =if($I47="dummy",S46+$F47,S46+0) -> 78.23
B48: 3852 | C48: production | D48: 35.438 | E48: 12 | F48: 41.81 | G48: 7085445 | H48: 61.7 | I48: LD2 | J48: ps6=0 | K48: sparse | O48: =if(K48="low","140MeV","750MeV") -> 750MeV | P48: =if(K48="low","140MeV","650MeV") -> 650MeV | Q48: =if($I48="LH2",Q47+$F48,Q47+0) -> 630.94 | R48: =if($I48="LD2",R47+$F48,R47+0) -> 471.7 | S48: =if($I48="dummy",S47+$F48,S47+0) -> 78.23
B49: 3853 | C49: production | D49: 35.438 | E49: 8 | F49: 14.89 | G49: 1591660 | H49: 39.27 | I49: LD2 | J49: ps6=0 | K49: sparse | O49: =if(K49="low","140MeV","750MeV") -> 750MeV | P49: =if(K49="low","140MeV","650MeV") -> 650MeV | Q49: =if($I49="LH2",Q48+$F49,Q48+0) -> 630.94 | R49: =if($I49="LD2",R48+$F49,R48+0) -> 486.59 | S49: =if($I49="dummy",S48+$F49,S48+0) -> 78.23
B50: 3854 | C50: production | D50: 35.438 | E50: 5 | F50: 11.27 | G50: 763363 | H50: 39.01 | I50: LD2 | J50: ps6=0 | K50: sparse | O50: =if(K50="low","140MeV","750MeV") -> 750MeV | P50: =if(K50="low","140MeV","650MeV") -> 650MeV | Q50: =if($I50="LH2",Q49+$F50,Q49+0) -> 630.94 | R50: =if($I50="LD2",R49+$F50,R49+0) -> 497.86 | S50: =if($I50="dummy",S49+$F50,S49+0) -> 78.23
B51: 3855 | C51: efficiency | D51: 35.438 | E51: 10 | F51: 0 | G51: 0 | H51: 20 | I51: LD2 | J51: ps4=0 | K51: sparse | L51: No end of run entry due to coda issue | O51: =if(K51="low","140MeV","750MeV") -> 750MeV | P51: =if(K51="low","140MeV","650MeV") -> 650MeV | Q51: =if($I51="LH2",Q50+$F51,Q50+0) -> 630.94 | R51: =if($I51="LD2",R50+$F51,R50+0) -> 497.86 | S51: =if($I51="dummy",S50+$F51,S50+0) -> 78.23
B52: 3856 | C52: efficiency | D52: 35.438 | E52: 10 | F52: 10.97 | G52: 1544857 | H52: 18.82 | I52: LD2 | J52: ps4=0 | K52: sparse | O52: =if(K52="low","140MeV","750MeV") -> 750MeV | P52: =if(K52="low","140MeV","650MeV") -> 650MeV | Q52: =if($I52="LH2",Q51+$F52,Q51+0) -> 630.94 | R52: =if($I52="LD2",R51+$F52,R51+0) -> 508.83 | S52: =if($I52="dummy",S51+$F52,S51+0) -> 78.23
B53: 3857 | C53: production | D53: 35.438 | E53: 12 | F53: 9.41 | G53: 1241570 | H53: 14.64 | I53: LD2 | J53: ps6=3 | K53: sparse | O53: =if(K53="low","140MeV","750MeV") -> 750MeV | P53: =if(K53="low","140MeV","650MeV") -> 650MeV | Q53: =if($I53="LH2",Q52+$F53,Q52+0) -> 630.94 | R53: =if($I53="LD2",R52+$F53,R52+0) -> 518.24 | S53: =if($I53="dummy",S52+$F53,S52+0) -> 78.23
O54: =if(K54="low","140MeV","750MeV") -> 750MeV | P54: =if(K54="low","140MeV","650MeV") -> 650MeV | Q54: =if($I54="LH2",Q53+$F54,Q53+0) -> 630.94 | R54: =if($I54="LD2",R53+$F54,R53+0) -> 518.24 | S54: =if($I54="dummy",S53+$F54,S53+0) -> 78.23
O55: =if(K55="low","140MeV","750MeV") -> 750MeV | P55: =if(K55="low","140MeV","650MeV") -> 650MeV | Q55: =if($I55="LH2",Q54+$F55,Q54+0) -> 630.94 | R55: =if($I55="LD2",R54+$F55,R54+0) -> 518.24 | S55: =if($I55="dummy",S54+$F55,S54+0) -> 78.23
O56: =if(K56="low","140MeV","750MeV") -> 750MeV | P56: =if(K56="low","140MeV","650MeV") -> 650MeV | Q56: =if($I56="LH2",Q55+$F56,Q55+0) -> 630.94 | R56: =if($I56="LD2",R55+$F56,R55+0) -> 518.24 | S56: =if($I56="dummy",S55+$F56,S55+0) -> 78.23
O57: =if(K57="low","140MeV","750MeV") -> 750MeV | P57: =if(K57="low","140MeV","650MeV") -> 650MeV | Q57: =if($I57="LH2",Q56+$F57,Q56+0) -> 630.94 | R57: =if($I57="LD2",R56+$F57,R56+0) -> 518.24 | S57: =if($I57="dummy",S56+$F57,S56+0) -> 78.23
O58: =if(K58="low","140MeV","750MeV") -> 750MeV | P58: =if(K58="low","140MeV","650MeV") -> 650MeV | Q58: =if($I58="LH2",Q57+$F58,Q57+0) -> 630.94 | R58: =if($I58="LD2",R57+$F58,R57+0) -> 518.24 | S58: =if($I58="dummy",S57+$F58,S57+0) -> 78.23
O59: =if(K59="low","140MeV","750MeV") -> 750MeV | P59: =if(K59="low","140MeV","650MeV") -> 650MeV | Q59: =if($I59="LH2",Q58+$F59,Q58+0) -> 630.94 | R59: =if($I59="LD2",R58+$F59,R58+0) -> 518.24 | S59: =if($I59="dummy",S58+$F59,S58+0) -> 78.23
O60: =if(K60="low","140MeV","750MeV") -> 750MeV | P60: =if(K60="low","140MeV","650MeV") -> 650MeV | Q60: =if($I60="LH2",Q59+$F60,Q59+0) -> 630.94 | R60: =if($I60="LD2",R59+$F60,R59+0) -> 518.24 | S60: =if($I60="dummy",S59+$F60,S59+0) -> 78.23
O61: =if(K61="low","140MeV","750MeV") -> 750MeV | P61: =if(K61="low","140MeV","650MeV") -> 650MeV | Q61: =if($I61="LH2",Q60+$F61,Q60+0) -> 630.94 | R61: =if($I61="LD2",R60+$F61,R60+0) -> 518.24 | S61: =if($I61="dummy",S60+$F61,S60+0) -> 78.23
O62: =if(K62="low","140MeV","750MeV") -> 750MeV | P62: =if(K62="low","140MeV","650MeV") -> 650MeV | Q62: =if($I62="LH2",Q61+$F62,Q61+0) -> 630.94 | R62: =if($I62="LD2",R61+$F62,R61+0) -> 518.24 | S62: =if($I62="dummy",S61+$F62,S61+0) -> 78.23
O63: =if(K63="low","140MeV","750MeV") -> 750MeV | P63: =if(K63="low","140MeV","650MeV") -> 650MeV | Q63: =if($I63="LH2",Q62+$F63,Q62+0) -> 630.94 | R63: =if($I63="LD2",R62+$F63,R62+0) -> 518.24 | S63: =if($I63="dummy",S62+$F63,S62+0) -> 78.23
O64: =if(K64="low","140MeV","750MeV") -> 750MeV | P64: =if(K64="low","140MeV","650MeV") -> 650MeV | Q64: =if($I64="LH2",Q63+$F64,Q63+0) -> 630.94 | R64: =if($I64="LD2",R63+$F64,R63+0) -> 518.24 | S64: =if($I64="dummy",S63+$F64,S63+0) -> 78.23
O65: =if(K65="low","140MeV","750MeV") -> 750MeV | P65: =if(K65="low","140MeV","650MeV") -> 650MeV | Q65: =if($I65="LH2",Q64+$F65,Q64+0) -> 630.94 | R65: =if($I65="LD2",R64+$F65,R64+0) -> 518.24 | S65: =if($I65="dummy",S64+$F65,S64+0) -> 78.23
... O128: =if(K128="low","140MeV","750MeV") -> 750MeV | P128: =if(K128="low","140MeV","650MeV") -> 650MeV | Q128: =if($I128="LH2",Q127+$F128,Q127+0) -> 630.94 | R128: =if($I128="LD2",R127+$F128,R127+0) -> 518.24 | S128: =if($I128="dummy",S127+$F128,S127+0) -> 78.23
O129: =if(K129="low","140MeV","750MeV") -> 750MeV | P129: =if(K129="low","140MeV","650MeV") -> 650MeV | Q129: =if($I129="LH2",$Q128+$F129,$Q128+0) -> 630.94 | R129: =if($I129="LD2",$R128+$F129,$R128+0) -> 518.24 | S129: =if($I129="dummy",$S128+$F129,$S128+0) -> 78.23
O130: =if(K130="low","140MeV","750MeV") -> 750MeV | P130: =if(K130="low","140MeV","650MeV") -> 650MeV | Q130: =if($I130="LH2",$Q129+$F130,$Q129+0) -> 630.94 | R130: =if($I130="LD2",$R129+$F130,$R129+0) -> 518.24 | S130: =if($I130="dummy",$S129+$F130,$S129+0) -> 78.23
O131: =if(K131="low","140MeV","750MeV") -> 750MeV | P131: =if(K131="low","140MeV","650MeV") -> 650MeV | Q131: =if($I131="LH2",$Q130+$F131,$Q130+0) -> 630.94 | R131: =if($I131="LD2",$R130+$F131,$R130+0) -> 518.24 | S131: =if($I131="dummy",$S130+$F131,$S130+0) -> 78.23
O132: =if(K132="low","140MeV","750MeV") -> 750MeV | P132: =if(K132="low","140MeV","650MeV") -> 650MeV | Q132: =if($I132="LH2",Q131+$F132,Q131+0) -> 630.94 | R132: =if($I132="LD2",R131+$F132,R131+0) -> 518.24 | S132: =if($I132="dummy",S131+$F132,S131+0) -> 78.23
O133: =if(K133="low","140MeV","750MeV") -> 750MeV | P133: =if(K133="low","140MeV","650MeV") -> 650MeV | Q133: =if($I133="LH2",Q132+$F133,Q132+0) -> 630.94 | R133: =if($I133="LD2",R132+$F133,R132+0) -> 518.24 | S133: =if($I133="dummy",S132+$F133,S132+0) -> 78.23
O134: =if(K134="low","140MeV","750MeV") -> 750MeV | P134: =if(K134="low","140MeV","650MeV") -> 650MeV | Q134: =if($I134="LH2",Q133+$F134,Q133+0) -> 630.94 | R134: =if($I134="LD2",R133+$F134,R133+0) -> 518.24 | S134: =if($I134="dummy",S133+$F134,S133+0) -> 78.23
O135: =if(K135="low","140MeV","750MeV") -> 750MeV | P135: =if(K135="low","140MeV","650MeV") -> 650MeV | Q135: =if($I135="LH2",Q134+$F135,Q134+0) -> 630.94 | R135: =if($I135="LD2",R134+$F135,R134+0) -> 518.24 | S135: =if($I135="dummy",S134+$F135,S134+0) -> 78.23
O136: =if(K136="low","140MeV","750MeV") -> 750MeV | P136: =if(K136="low","140MeV","650MeV") -> 650MeV | Q136: =if($I136="LH2",Q135+$F136,Q135+0) -> 630.94 | R136: =if($I136="LD2",R135+$F136,R135+0) -> 518.24 | S136: =if($I136="dummy",S135+$F136,S135+0) -> 78.23
O137: =if(K137="low","140MeV","750MeV") -> 750MeV | P137: =if(K137="low","140MeV","650MeV") -> 650MeV | Q137: =if($I137="LH2",Q136+$F137,Q136+0) -> 630.94 | R137: =if($I137="LD2",R136+$F137,R136+0) -> 518.24 | S137: =if($I137="dummy",S136+$F137,S136+0) -> 78.23
O138: =if(K138="low","140MeV","750MeV") -> 750MeV | P138: =if(K138="low","140MeV","650MeV") -> 650MeV | Q138: =if($I138="LH2",Q137+$F138,Q137+0) -> 630.94 | R138: =if($I138="LD2",R137+$F138,R137+0) -> 518.24 | S138: =if($I138="dummy",S137+$F138,S137+0) -> 78.23
O139: =if(K139="low","140MeV","750MeV") -> 750MeV | P139: =if(K139="low","140MeV","650MeV") -> 650MeV | Q139: =if($I139="LH2",Q138+$F139,Q138+0) -> 630.94 | R139: =if($I139="LD2",R138+$F139,R138+0) -> 518.24 | S139: =if($I139="dummy",S138+$F139,S138+0) -> 78.23
O140: =if(K140="low","140MeV","750MeV") -> 750MeV | P140: =if(K140="low","140MeV","650MeV") -> 650MeV | Q140: =if($I140="LH2",Q139+$F140,Q139+0) -> 630.94 | R140: =if($I140="LD2",R139+$F140,R139+0) -> 518.24 | S140: =if($I140="dummy",S139+$F140,S139+0) -> 78.23
O141: =if(K141="low","140MeV","750MeV") -> 750MeV | P141: =if(K141="low","140MeV","650MeV") -> 650MeV | Q141: =if($I141="LH2",Q140+$F141,Q140+0) -> 630.94 | R141: =if($I141="LD2",R140+$F141,R140+0) -> 518.24 | S141: =if($I141="dummy",S140+$F141,S140+0) -> 78.23
O142: =if(K142="low","140MeV","750MeV") -> 750MeV | P142: =if(K142="low","140MeV","650MeV") -> 650MeV | Q142: =if($I142="LH2",Q141+$F142,Q141+0) -> 630.94 | R142: =if($I142="LD2",R141+$F142,R141+0) -> 518.24 | S142: =if($I142="dummy",S141+$F142,S141+0) -> 78.23
O143: =if(K143="low","140MeV","750MeV") -> 750MeV | P143: =if(K143="low","140MeV","650MeV") -> 650MeV | Q143: =if($I143="LH2",Q142+$F143,Q142+0) -> 630.94 | R143: =if($I143="LD2",R142+$F143,R142+0) -> 518.24 | S143: =if($I143="dummy",S142+$F143,S142+0) -> 78.23
... O168: =if(K168="low","140MeV","750MeV") -> 750MeV | P168: =if(K168="low","140MeV","650MeV") -> 650MeV | Q168: =if($I168="LH2",Q167+$F168,Q167+0) -> 630.94 | R168: =if($I168="LD2",R167+$F168,R167+0) -> 518.24 | S168: =if($I168="dummy",S167+$F168,S167+0) -> 78.23

Sheet Sheet13
A1: Kin_x50_2'' | F1: HMS mom | G1: HMS angle | H1: SHMS angle | I1: calo angle | L1: calo distance | N1: Required Charge Total (Coulomb) | Q1: % of goal | R1: % of goal | S1: % of goal
F2: -6.667 GeV | G2: 12.493 deg | H2: =36.88+1.43 -> 38.31 | I2: =H2-16.3 -> 22.01 | L2: 4m | N2: ='Totals % Goal'!F18 -> 0.7 | Q2: =MAX(Q5:Q997)/(N2*1000) -> 0.83168571 | R2: =MAX(R5:R997)/(N2*1000) -> 0.919 | S2: =MAX(S5:S997)/MAX(Q5:Q997) -> 0.16125597
Q3: accumulated charge (mC)
A4: day | B4: run | C4: type | D4: SHMS angle | E4: Ibeam (uA) | F4: charge (mC) | G4: TS6 event # | H4: duration (min) | I4: target | J4: prescale | K4: coin status | O4: Clust Pair Thresh | P4: Clust read thresh | Q4: LH2 | R4: LD2 | S4: Dummy
A5: 45314 | B5: 3807 | C5: junk | D5: 37.995 | E5: 35 | F5: 0 | G5: 0 | H5: 0 | I5: LH2 | J5: ps6=0 | K5: sparse | L5: Coda crash no end of run log | O5: =if(L124="low","140MeV","750MeV") -> 750MeV | P5: =if(L124="low","140MeV","650MeV") -> 650MeV | Q5: =if($I5="LH2",0+$F5,0) -> 0 | R5: 0 | S5: 0
B6: 3808 | C6: production | D6: 37.995 | E6: 30 | F6: 110.44 | G6: 7495265 | H6: 56.67 | I6: LH2 | J6: ps6=0 | K6: sparse | O6: =if(L125="low","140MeV","750MeV") -> 750MeV | P6: =if(L125="low","140MeV","650MeV") -> 650MeV | Q6: =if($I6="LH2",Q5+$F6,Q5+0) -> 110.44 | R6: =if($I6="LD2",R5+$F6,R5+0) -> 0 | S6: =if($I6="dummy",S5+$F6,S5+0) -> 0
B7: 3809 | C7: junk | D7: 37.995 | E7: 35 | F7: 0 | G7: 32663 | H7: 13.3 | I7: LH2 | J7: ps6=0 | K7: sparse | L7: no beam | O7: =if(L126="low","140MeV","750MeV") -> 750MeV | P7: =if(L126="low","140MeV","650MeV") -> 650MeV | Q7: =if($I7="LH2",Q6+$F7,Q6+0) -> 110.44 | R7: =if($I7="LD2",R6+$F7,R6+0) -> 0 | S7: =if($I7="dummy",S6+$F7,S6+0) -> 0
B8: 3810 | C8: production | D8: 37.995 | E8: 35 | F8: 105.96 | G8: 7111535 | H8: 56.79 | I8: LH2 | J8: ps6=0 | K8: sparse | O8: =if(L127="low","140MeV","750MeV") -> 750MeV | P8: =if(L127="low","140MeV","650MeV") -> 650MeV | Q8: =if($I8="LH2",Q7+$F8,Q7+0) -> 216.4 | R8: =if($I8="LD2",R7+$F8,R7+0) -> 0 | S8: =if($I8="dummy",S7+$F8,S7+0) -> 0
B9: 3811 | C9: junk | D9: 37.995 | E9: 35 | F9: 0 | G9: 84247 | H9: 0.5 | I9: LH2 | J9: ps6=0 | K9: sparse | O9: =if(L128="low","140MeV","750MeV") -> 750MeV | P9: =if(L128="low","140MeV","650MeV") -> 650MeV | Q9: =if($I9="LH2",Q8+$F9,Q8+0) -> 216.4 | R9: =if($I9="LD2",R8+$F9,R8+0) -> 0 | S9: =if($I9="dummy",S8+$F9,S8+0) -> 0
B10: 3812 | C10: production | D10: 37.995 | E10: 20 | F10: 24.83 | G10: 919802 | H10: 23.98 | I10: LH2 | J10: ps6=0 | K10: sparse | O10: =if(L129="low","140MeV","750MeV") -> 750MeV | P10: =if(L129="low","140MeV","650MeV") -> 650MeV | Q10: =if($I10="LH2",Q9+$F10,Q9+0) -> 241.23 | R10: =if($I10="LD2",R9+$F10,R9+0) -> 0 | S10: =if($I10="dummy",S9+$F10,S9+0) -> 0
B11: 3813 | C11: production | D11: 37.995 | E11: 10 | F11: 23.1 | G11: 530416 | H11: 40.98 | I11: LH2 | J11: ps6=0 | K11: sparse | O11: =if(L130="low","140MeV","750MeV") -> 750MeV | P11: =if(L130="low","140MeV","650MeV") -> 650MeV | Q11: =if($I11="LH2",Q10+$F11,Q10+0) -> 264.33 | R11: =if($I11="LD2",R10+$F11,R10+0) -> 0 | S11: =if($I11="dummy",S10+$F11,S10+0) -> 0
B12: 3814 | C12: efficiency | D12: 37.995 | E12: 20 | F12: 17.77 | G12: 695701 | H12: 16.75 | I12: LH2 | J12: ps4=0 | K12: sparse | O12: =if(L131="low","140MeV","750MeV") -> 750MeV | P12: =if(L131="low","140MeV","650MeV") -> 650MeV | Q12: =if($I12="LH2",Q11+$F12,Q11+0) -> 282.1 | R12: =if($I12="LD2",R11+$F12,R11+0) -> 0 | S12: =if($I12="dummy",S11+$F12,S11+0) -> 0
B13: 3815 | C13: junk | D13: 37.995 | E13: 35 | F13: 0 | G13: 83274 | H13: 0.74 | I13: LH2 | J13: ps6=0 | K13: off | O13: =if(L132="low","140MeV","750MeV") -> 750MeV | P13: =if(L132="low","140MeV","650MeV") -> 650MeV | Q13: =if($I13="LH2",Q12+$F13,Q12+0) -> 282.1 | R13: =if($I13="LD2",R12+$F13,R12+0) -> 0 | S13: =if($I13="dummy",S12+$F13,S12+0) -> 0
B14: 3816 | C14: production | D14: 37.995 | E14: 35 | F14: 30.14 | G14: 12560 | H14: 15.36 | I14: LH2 | J14: ps6=2 | K14: off | O14: =if(L133="low","140MeV","750MeV") -> 750MeV | P14: =if(L133="low","140MeV","650MeV") -> 650MeV | Q14: =if($I14="LH2",Q13+$F14,Q13+0) -> 312.24 | R14: =if($I14="LD2",R13+$F14,R13+0) -> 0 | S14: =if($I14="dummy",S13+$F14,S13+0) -> 0
B15: 3817 | C15: production | D15: 37.995 | E15: 30 | F15: 26.61 | G15: 1487565 | H15: 18.23 | I15: dummy | J15: ps6=0 | K15: sparse | O15: =if(L134="low","140MeV","750MeV") -> 750MeV | P15: =if(L134="low","140MeV","650MeV") -> 650MeV | Q15: =if($I15="LH2",Q14+$F15,Q14+0) -> 312.24 | R15: =if($I15="LD2",R14+$F15,R14+0) -> 0 | S15: =if($I15="dummy",S14+$F15,S14+0) -> 26.61
B16: 3818 | C16: production | D16: 37.995 | E16: 20 | F16: 24.7 | G16: 882301 | H16: 21.38 | I16: dummy | J16: ps6=0 | K16: sparse | O16: =if(L135="low","140MeV","750MeV") -> 750MeV | P16: =if(L135="low","140MeV","650MeV") -> 650MeV | Q16: =if($I16="LH2",Q15+$F16,Q15+0) -> 312.24 | R16: =if($I16="LD2",R15+$F16,R15+0) -> 0 | S16: =if($I16="dummy",S15+$F16,S15+0) -> 51.31
B17: 3819 | C17: production | D17: 37.995 | E17: 15 | F17: 55.97 | G17: 10255099 | H17: 41.96 | I17: LD2 | J17: ps6=0 | K17: sparse | O17: =if(L136="low","140MeV","750MeV") -> 750MeV | P17: =if(L136="low","140MeV","650MeV") -> 650MeV | Q17: =if($I17="LH2",Q16+$F17,Q16+0) -> 312.24 | R17: =if($I17="LD2",R16+$F17,R16+0) -> 55.97 | S17: =if($I17="dummy",S16+$F17,S16+0) -> 51.31
B18: 3820 | C18: production | D18: 37.995 | E18: 15 | F18: 41.57 | G18: 10194233 | H18: 75.14 | I18: LD2 | J18: ps6=0 | K18: sparse | O18: =if(L137="low","140MeV","750MeV") -> 750MeV | P18: =if(L137="low","140MeV","650MeV") -> 650MeV | Q18: =if($I18="LH2",Q17+$F18,Q17+0) -> 312.24 | R18: =if($I18="LD2",R17+$F18,R17+0) -> 97.54 | S18: =if($I18="dummy",S17+$F18,S17+0) -> 51.31
B19: 3821 | C19: BCM Calibration | D19: 37.995 | E19: n/a | F19: 0 | G19: 0 | H19: n/a | I19: Out of beam | J19: ps6=0 | K19: sparse | L19: no end of run log | O19: =if(L138="low","140MeV","750MeV") -> 750MeV | P19: =if(L138="low","140MeV","650MeV") -> 650MeV | Q19: =if($I19="LH2",Q18+$F19,Q18+0) -> 312.24 | R19: =if($I19="LD2",R18+$F19,R18+0) -> 97.54 | S19: =if($I19="dummy",S18+$F19,S18+0) -> 51.31
B20: 3822 | C20: junk | D20: 37.995 | E20: 15 | F20: 0 | G20: 82056 | H20: 10.8 | I20: LD2 | J20: ps6=0 | K20: sparse | L20: no beam | O20: =if(L139="low","140MeV","750MeV") -> 750MeV | P20: =if(L139="low","140MeV","650MeV") -> 650MeV | Q20: =if($I20="LH2",Q19+$F20,Q19+0) -> 312.24 | R20: =if($I20="LD2",R19+$F20,R19+0) -> 97.54 | S20: =if($I20="dummy",S19+$F20,S19+0) -> 51.31
B21: 3823 | C21: production | D21: 37.995 | E21: 15 | F21: 45.1 | G21: 10484958 | H21: 57.6 | I21: LD2 | J21: ps6=0 | K21: sparse | O21: =if(L140="low","140MeV","750MeV") -> 750MeV | P21: =if(L140="low","140MeV","650MeV") -> 650MeV | Q21: =if($I21="LH2",Q20+$F21,Q20+0) -> 312.24 | R21: =if($I21="LD2",R20+$F21,R20+0) -> 142.64 | S21: =if($I21="dummy",S20+$F21,S20+0) -> 51.31
B22: 3824 | C22: production | D22: 37.995 | E22: 15 | F22: 44.74 | G22: 10523687 | H22: 60.12 | I22: LD2 | J22: ps6=0 | K22: sparse | O22: =if(L141="low","140MeV","750MeV") -> 750MeV | P22: =if(L141="low","140MeV","650MeV") -> 650MeV | Q22: =if($I22="LH2",Q21+$F22,Q21+0) -> 312.24 | R22: =if($I22="LD2",R21+$F22,R21+0) -> 187.38 | S22: =if($I22="dummy",S21+$F22,S21+0) -> 51.31
B23: 3825 | C23: production | D23: 37.995 | E23: 15 | F23: 43.26 | G23: 10126938 | H23: 57.2 | I23: LD2 | J23: ps6=0 | K23: sparse | O23: =if(L142="low","140MeV","750MeV") -> 750MeV | P23: =if(L142="low","140MeV","650MeV") -> 650MeV | Q23: =if($I23="LH2",Q22+$F23,Q22+0) -> 312.24 | R23: =if($I23="LD2",R22+$F23,R22+0) -> 230.64 | S23: =if($I23="dummy",S22+$F23,S22+0) -> 51.31
B24: 3826 | C24: production | D24: 37.995 | E24: 10 | F24: 11.44 | G24: 1665531 | H24: 19.62 | I24: LD2 | J24: ps6=0 | K24: sparse | O24: =if(L143="low","140MeV","750MeV") -> 750MeV | P24: =if(L143="low","140MeV","650MeV") -> 650MeV | Q24: =if($I24="LH2",Q23+$F24,Q23+0) -> 312.24 | R24: =if($I24="LD2",R23+$F24,R23+0) -> 242.08 | S24: =if($I24="dummy",S23+$F24,S23+0) -> 51.31
B25: 3827 | C25: production | D25: 37.995 | E25: 5 | F25: 12 | G25: 892310 | H25: 39.44 | I25: LD2 | J25: ps6=0 | K25: sparse | O25: =if(L144="low","140MeV","750MeV") -> 750MeV | P25: =if(L144="low","140MeV","650MeV") -> 650MeV | Q25: =if($I25="LH2",Q24+$F25,Q24+0) -> 312.24 | R25: =if($I25="LD2",R24+$F25,R24+0) -> 254.08 | S25: =if($I25="dummy",S24+$F25,S24+0) -> 51.31
B26: 3828 | C26: efficiency | D26: 37.995 | E26: 10 | F26: 12.94 | G26: 1913666 | H26: 21.53 | I26: LD2 | J26: ps4=0 | K26: sparse | O26: =if(L145="low","140MeV","750MeV") -> 750MeV | P26: =if(L145="low","140MeV","650MeV") -> 650MeV | Q26: =if($I26="LH2",Q25+$F26,Q25+0) -> 312.24 | R26: =if($I26="LD2",R25+$F26,R25+0) -> 267.02 | S26: =if($I26="dummy",S25+$F26,S25+0) -> 51.31
B27: 3829 | C27: junk | D27: 37.995 | E27: 15 | F27: 0 | G27: 27029 | H27: 0.14 | I27: LD2 | J27: ps6=0 | K27: sparse | O27: =if(L146="low","140MeV","750MeV") -> 750MeV | P27: =if(L146="low","140MeV","650MeV") -> 650MeV | Q27: =if($I27="LH2",Q26+$F27,Q26+0) -> 312.24 | R27: =if($I27="LD2",R26+$F27,R26+0) -> 267.02 | S27: =if($I27="dummy",S26+$F27,S26+0) -> 51.31
B28: 3830 | C28: junk | D28: 37.995 | E28: 15 | F28: 0 | G28: 157791 | H28: 0.86 | I28: LD2 | J28: ps6=0 | K28: off | O28: =if(L147="low","140MeV","750MeV") -> 750MeV | P28: =if(L147="low","140MeV","650MeV") -> 650MeV | Q28: =if($I28="LH2",Q27+$F28,Q27+0) -> 312.24 | R28: =if($I28="LD2",R27+$F28,R27+0) -> 267.02 | S28: =if($I28="dummy",S27+$F28,S27+0) -> 51.31
B29: 3831 | C29: junk | D29: 37.995 | E29: 15 | F29: 0 | G29: 130693 | H29: 12.19 | I29: LD2 | J29: ps6=2 | K29: off | O29: =if(L148="low","140MeV","750MeV") -> 750MeV | P29: =if(L148="low","140MeV","650MeV") -> 650MeV | Q29: =if($I29="LH2",Q28+$F29,Q28+0) -> 312.24 | R29: =if($I29="LD2",R28+$F29,R28+0) -> 267.02 | S29: =if($I29="dummy",S28+$F29,S28+0) -> 51.31
B30: 3832 | C30: production | D30: 37.995 | E30: 15 | F30: 14.02 | G30: 2589847 | H30: 17.34 | I30: LD2 | J30: ps6=3 | K30: off | O30: =if(L149="low","140MeV","750MeV") -> 750MeV | P30: =if(L149="low","140MeV","650MeV") -> 650MeV | Q30: =if($I30="LH2",Q29+$F30,Q29+0) -> 312.24 | R30: =if($I30="LD2",R29+$F30,R29+0) -> 281.04 | S30: =if($I30="dummy",S29+$F30,S29+0) -> 51.31
A31: 45315 | B31: 3858 | C31: production | D31: 37.995 | E31: 40 | F31: 100.24 | G31: 4089851 | H31: 57.93 | I31: LH2 | J31: ps6=0 | K31: sparse | O31: =if(L150="low","140MeV","750MeV") -> 750MeV | P31: =if(L150="low","140MeV","650MeV") -> 650MeV | Q31: =if($I31="LH2",Q30+$F31,Q30+0) -> 412.48 | R31: =if($I31="LD2",R30+$F31,R30+0) -> 281.04 | S31: =if($I31="dummy",S30+$F31,S30+0) -> 51.31
B32: 3859 | C32: production | D32: 37.995 | E32: 40 | F32: 105.35 | G32: 4261951 | H32: 57.09 | I32: LH2 | J32: ps6=0 | K32: sparse | O32: =if(L151="low","140MeV","750MeV") -> 750MeV | P32: =if(L151="low","140MeV","650MeV") -> 650MeV | Q32: =if($I32="LH2",Q31+$F32,Q31+0) -> 517.83 | R32: =if($I32="LD2",R31+$F32,R31+0) -> 281.04 | S32: =if($I32="dummy",S31+$F32,S31+0) -> 51.31
B33: 3860 | C33: production | D33: 37.995 | E33: 20 | F33: 23.06 | G33: 460555 | H33: 19.82 | I33: LH2 | J33: ps6=0 | K33: sparse | O33: =if(L152="low","140MeV","750MeV") -> 750MeV | P33: =if(L152="low","140MeV","650MeV") -> 650MeV | Q33: =if($I33="LH2",Q32+$F33,Q32+0) -> 540.89 | R33: =if($I33="LD2",R32+$F33,R32+0) -> 281.04 | S33: =if($I33="dummy",S32+$F33,S32+0) -> 51.31
B34: 3861 | C34: production | D34: 37.995 | E34: 10 | F34: 22.45 | G34: 326154 | H34: 37.79 | I34: LH2 | J34: ps6=0 | K34: sparse | O34: =if(L153="low","140MeV","750MeV") -> 750MeV | P34: =if(L153="low","140MeV","650MeV") -> 650MeV | Q34: =if($I34="LH2",Q33+$F34,Q33+0) -> 563.34 | R34: =if($I34="LD2",R33+$F34,R33+0) -> 281.04 | S34: =if($I34="dummy",S33+$F34,S33+0) -> 51.31
B35: 3862 | C35: efficiency | D35: 37.995 | E35: 20 | F35: 18.84 | G35: 404256 | H35: 18.34 | I35: LH2 | J35: ps4=0 | K35: sparse | O35: =if(L154="low","140MeV","750MeV") -> 750MeV | P35: =if(L154="low","140MeV","650MeV") -> 650MeV | Q35: =if($I35="LH2",Q34+$F35,Q34+0) -> 582.18 | R35: =if($I35="LD2",R34+$F35,R34+0) -> 281.04 | S35: =if($I35="dummy",S34+$F35,S34+0) -> 51.31
B36: 3863 | C36: junk | D36: 37.995 | E36: 40 | F36: 0 | G36: 157284 | H36: 2.87 | I36: LH2 | J36: ps6=0 | K36: off | O36: =if(L155="low","140MeV","750MeV") -> 750MeV | P36: =if(L155="low","140MeV","650MeV") -> 650MeV | Q36: =if($I36="LH2",Q35+$F36,Q35+0) -> 582.18 | R36: =if($I36="LD2",R35+$F36,R35+0) -> 281.04 | S36: =if($I36="dummy",S35+$F36,S35+0) -> 51.31
B37: 3864 | C37: junk | D37: 37.995 | E37: 40 | F37: 0 | G37: 55102 | H37: 0.79 | I37: LH2 | J37: ps6=0 | K37: off | O37: =if(L156="low","140MeV","750MeV") -> 750MeV | P37: =if(L156="low","140MeV","650MeV") -> 650MeV | Q37: =if($I37="LH2",Q36+$F37,Q36+0) -> 582.18 | R37: =if($I37="LD2",R36+$F37,R36+0) -> 281.04 | S37: =if($I37="dummy",S36+$F37,S36+0) -> 51.31
B38: 3865 | C38: production | D38: 37.995 | E38: 40 | F38: 0 | G38: 0 | H38: 17 | I38: LH2 | J38: ps6=0 | K38: off | L38: no end of run log | O38: =if(L157="low","140MeV","750MeV") -> 750MeV | P38: =if(L157="low","140MeV","650MeV") -> 650MeV | Q38: =if($I38="LH2",Q37+$F38,Q37+0) -> 582.18 | R38: =if($I38="LD2",R37+$F38,R37+0) -> 281.04 | S38: =if($I38="dummy",S37+$F38,S37+0) -> 51.31
B39: 3866 | C39: production | D39: 37.995 | E39: 30 | F39: 21.57 | G39: 592802 | H39: 16.57 | I39: dummy | J39: ps6=0 | K39: sparse | O39: =if(L158="low","140MeV","750MeV") -> 750MeV | P39: =if(L158="low","140MeV","650MeV") -> 650MeV | Q39: =if($I39="LH2",Q38+$F39,Q38+0) -> 582.18 | R39: =if($I39="LD2",R38+$F39,R38+0) -> 281.04 | S39: =if($I39="dummy",S38+$F39,S38+0) -> 72.88
B40: 3867 | C40: production | D40: 37.995 | E40: 20 | F40: 21 | G40: 394187 | H40: 20.41 | I40: dummy | J40: ps6=0 | K40: sparse | O40: =if(L159="low","140MeV","750MeV") -> 750MeV | P40: =if(L159="low","140MeV","650MeV") -> 650MeV | Q40: =if($I40="LH2",Q39+$F40,Q39+0) -> 582.18 | R40: =if($I40="LD2",R39+$F40,R39+0) -> 281.04 | S40: =if($I40="dummy",S39+$F40,S39+0) -> 93.88
B41: 3868 | C41: production | D41: 37.995 | E41: 15 | F41: 31.25 | G41: 3874581 | H41: 55.82 | I41: LD2 | J41: ps6=0 | K41: sparse | O41: =if(L160="low","140MeV","750MeV") -> 750MeV | P41: =if(L160="low","140MeV","650MeV") -> 650MeV | Q41: =if($I41="LH2",Q40+$F41,Q40+0) -> 582.18 | R41: =if($I41="LD2",R40+$F41,R40+0) -> 312.29 | S41: =if($I41="dummy",S40+$F41,S40+0) -> 93.88
B42: 3869 | C42: production | D42: 37.995 | E42: 15 | F42: 47.62 | G42: 5917002 | H42: 58.12 | I42: LD2 | J42: ps6=0 | K42: sparse | O42: =if(L161="low","140MeV","750MeV") -> 750MeV | P42: =if(L161="low","140MeV","650MeV") -> 650MeV | Q42: =if($I42="LH2",Q41+$F42,Q41+0) -> 582.18 | R42: =if($I42="LD2",R41+$F42,R41+0) -> 359.91 | S42: =if($I42="dummy",S41+$F42,S41+0) -> 93.88
B43: 3870 | C43: production | D43: 37.995 | E43: 15 | F43: 53.37 | G43: 6463978 | H43: 66.54 | I43: LD2 | J43: ps6=0 | K43: sparse | O43: =if(L162="low","140MeV","750MeV") -> 750MeV | P43: =if(L162="low","140MeV","650MeV") -> 650MeV | Q43: =if($I43="LH2",Q42+$F43,Q42+0) -> 582.18 | R43: =if($I43="LD2",R42+$F43,R42+0) -> 413.28 | S43: =if($I43="dummy",S42+$F43,S42+0) -> 93.88
B44: 3871 | C44: production | D44: 37.995 | E44: 15 | F44: 46.69 | G44: 5719098 | H44: 57.42 | I44: LD2 | J44: ps6=0 | K44: sparse | O44: =if(L163="low","140MeV","750MeV") -> 750MeV | P44: =if(L163="low","140MeV","650MeV") -> 650MeV | Q44: =if($I44="LH2",Q43+$F44,Q43+0) -> 582.18 | R44: =if($I44="LD2",R43+$F44,R43+0) -> 459.97 | S44: =if($I44="dummy",S43+$F44,S43+0) -> 93.88
B45: 3872 | C45: production | D45: 37.995 | E45: 15 | F45: 11.8 | G45: 1457591 | H45: 15.23 | I45: LD2 | J45: ps6=0 | K45: sparse | L45: beam off | O45: =if(L164="low","140MeV","750MeV") -> 750MeV | P45: =if(L164="low","140MeV","650MeV") -> 650MeV | Q45: =if($I45="LH2",Q44+$F45,Q44+0) -> 582.18 | R45: =if($I45="LD2",R44+$F45,R44+0) -> 471.77 | S45: =if($I45="dummy",S44+$F45,S44+0) -> 93.88
B46: 3873 | C46: production | D46: 37.995 | E46: 15 | F46: 46.1 | G46: 5919547 | H46: 57.79 | I46: LD2 | J46: ps6=0 | K46: sparse | O46: =if(L165="low","140MeV","750MeV") -> 750MeV | P46: =if(L165="low","140MeV","650MeV") -> 650MeV | Q46: =if($I46="LH2",Q45+$F46,Q45+0) -> 582.18 | R46: =if($I46="LD2",R45+$F46,R45+0) -> 517.87 | S46: =if($I46="dummy",S45+$F46,S45+0) -> 93.88
B47: 3874 | C47: junk | D47: 37.995 | E47: 15 | F47: 0 | G47: 46168 | H47: 6.26 | I47: LD2 | J47: ps6=0 | K47: sparse | L47: beam off | O47: =if(L166="low","140MeV","750MeV") -> 750MeV | P47: =if(L166="low","140MeV","650MeV") -> 650MeV | Q47: =if($I47="LH2",Q46+$F47,Q46+0) -> 582.18 | R47: =if($I47="LD2",R46+$F47,R46+0) -> 517.87 | S47: =if($I47="dummy",S46+$F47,S46+0) -> 93.88
B48: 3875 | C48: production | D48: 37.995 | E48: 15 | F48: 40.44 | G48: 5087994 | H48: 56.66 | I48: LD2 | J48: ps6=0 | K48: sparse | O48: =if(L167="low","140MeV","750MeV") -> 750MeV | P48: =if(L167="low","140MeV","650MeV") -> 650MeV | Q48: =if($I48="LH2",Q47+$F48,Q47+0) -> 582.18 | R48: =if($I48="LD2",R47+$F48,R47+0) -> 558.31 | S48: =if($I48="dummy",S47+$F48,S47+0) -> 93.88
B49: 3876 | C49: production | D49: 37.995 | E49: 10 | F49: 11.33 | G49: 928358 | H49: 47.43 | I49: LD2 | J49: ps6=0 | K49: sparse | O49: =if(L168="low","140MeV","750MeV") -> 750MeV | P49: =if(L168="low","140MeV","650MeV") -> 650MeV | Q49: =if($I49="LH2",Q48+$F49,Q48+0) -> 582.18 | R49: =if($I49="LD2",R48+$F49,R48+0) -> 569.64 | S49: =if($I49="dummy",S48+$F49,S48+0) -> 93.88
B50: 3877 | C50: production | D50: 37.995 | E50: 5 | F50: 10.92 | G50: 477358 | H50: 42.03 | I50: LD2 | J50: ps6=0 | K50: sparse | O50: =if(L169="low","140MeV","750MeV") -> 750MeV | P50: =if(L169="low","140MeV","650MeV") -> 650MeV | Q50: =if($I50="LH2",Q49+$F50,Q49+0) -> 582.18 | R50: =if($I50="LD2",R49+$F50,R49+0) -> 580.56 | S50: =if($I50="dummy",S49+$F50,S49+0) -> 93.88
B51: 3878 | C51: efficiency | D51: 37.995 | E51: 10 | F51: 3.13 | G51: 269655 | H51: 5.95 | I51: LD2 | J51: ps4=0 | K51: sparse | O51: =if(L170="low","140MeV","750MeV") -> 750MeV | P51: =if(L170="low","140MeV","650MeV") -> 650MeV | Q51: =if($I51="LH2",Q50+$F51,Q50+0) -> 582.18 | R51: =if($I51="LD2",R50+$F51,R50+0) -> 583.69 | S51: =if($I51="dummy",S50+$F51,S50+0) -> 93.88
B52: 3879 | C52: efficiency | D52: 37.995 | E52: 10 | F52: 11.6 | G52: 941095 | H52: 19.63 | I52: LD2 | J52: ps4=2 | K52: sparse | O52: =if(L171="low","140MeV","750MeV") -> 750MeV | P52: =if(L171="low","140MeV","650MeV") -> 650MeV | Q52: =if($I52="LH2",Q51+$F52,Q51+0) -> 582.18 | R52: =if($I52="LD2",R51+$F52,R51+0) -> 595.29 | S52: =if($I52="dummy",S51+$F52,S51+0) -> 93.88
B53: 3880 | C53: junk | D53: 37.995 | E53: 10 | F53: 0 | G53: 0 | H53: 1 | I53: LD2 | J53: ps6=3 | K53: off | L53: no end of run log | O53: =if(L172="low","140MeV","750MeV") -> 750MeV | P53: =if(L172="low","140MeV","650MeV") -> 650MeV | Q53: =if($I53="LH2",Q52+$F53,Q52+0) -> 582.18 | R53: =if($I53="LD2",R52+$F53,R52+0) -> 595.29 | S53: =if($I53="dummy",S52+$F53,S52+0) -> 93.88
B54: 3881 | C54: production | D54: 37.995 | E54: 15 | F54: 14.24 | G54: 1235186 | H54: 16.29 | I54: LD2 | J54: ps6=3 | K54: off | O54: =if(L173="low","140MeV","750MeV") -> 750MeV | P54: =if(L173="low","140MeV","650MeV") -> 650MeV | Q54: =if($I54="LH2",Q53+$F54,Q53+0) -> 582.18 | R54: =if($I54="LD2",R53+$F54,R53+0) -> 609.53 | S54: =if($I54="dummy",S53+$F54,S53+0) -> 93.88
B55: 3882 | C55: production | D55: 37.995 | E55: 15 | F55: 33.77 | G55: 4248198 | H55: 50.51 | I55: LD2 | J55: ps6=0 | K55: sparse | O55: =if(L174="low","140MeV","750MeV") -> 750MeV | P55: =if(L174="low","140MeV","650MeV") -> 650MeV | Q55: =if($I55="LH2",Q54+$F55,Q54+0) -> 582.18 | R55: =if($I55="LD2",R54+$F55,R54+0) -> 643.3 | S55: =if($I55="dummy",S54+$F55,S54+0) -> 93.88
O56: =if(L175="low","140MeV","750MeV") -> 750MeV | P56: =if(L175="low","140MeV","650MeV") -> 650MeV | Q56: =if($I56="LH2",Q55+$F56,Q55+0) -> 582.18 | R56: =if($I56="LD2",R55+$F56,R55+0) -> 643.3 | S56: =if($I56="dummy",S55+$F56,S55+0) -> 93.88
O57: =if(L176="low","140MeV","750MeV") -> 750MeV | P57: =if(L176="low","140MeV","650MeV") -> 650MeV | Q57: =if($I57="LH2",Q56+$F57,Q56+0) -> 582.18 | R57: =if($I57="LD2",R56+$F57,R56+0) -> 643.3 | S57: =if($I57="dummy",S56+$F57,S56+0) -> 93.88
O58: =if(L177="low","140MeV","750MeV") -> 750MeV | P58: =if(L177="low","140MeV","650MeV") -> 650MeV | Q58: =if($I58="LH2",Q57+$F58,Q57+0) -> 582.18 | R58: =if($I58="LD2",R57+$F58,R57+0) -> 643.3 | S58: =if($I58="dummy",S57+$F58,S57+0) -> 93.88
O59: =if(L178="low","140MeV","750MeV") -> 750MeV | P59: =if(L178="low","140MeV","650MeV") -> 650MeV | Q59: =if($I59="LH2",Q58+$F59,Q58+0) -> 582.18 | R59: =if($I59="LD2",R58+$F59,R58+0) -> 643.3 | S59: =if($I59="dummy",S58+$F59,S58+0) -> 93.88
O60: =if(L179="low","140MeV","750MeV") -> 750MeV | P60: =if(L179="low","140MeV","650MeV") -> 650MeV | Q60: =if($I60="LH2",Q59+$F60,Q59+0) -> 582.18 | R60: =if($I60="LD2",R59+$F60,R59+0) -> 643.3 | S60: =if($I60="dummy",S59+$F60,S59+0) -> 93.88
O61: =if(L180="low","140MeV","750MeV") -> 750MeV | P61: =if(L180="low","140MeV","650MeV") -> 650MeV | Q61: =if($I61="LH2",Q60+$F61,Q60+0) -> 582.18 | R61: =if($I61="LD2",R60+$F61,R60+0) -> 643.3 | S61: =if($I61="dummy",S60+$F61,S60+0) -> 93.88
O62: =if(L181="low","140MeV","750MeV") -> 750MeV | P62: =if(L181="low","140MeV","650MeV") -> 650MeV | Q62: =if($I62="LH2",Q61+$F62,Q61+0) -> 582.18 | R62: =if($I62="LD2",R61+$F62,R61+0) -> 643.3 | S62: =if($I62="dummy",S61+$F62,S61+0) -> 93.88
O63: =if(L182="low","140MeV","750MeV") -> 750MeV | P63: =if(L182="low","140MeV","650MeV") -> 650MeV | Q63: =if($I63="LH2",Q62+$F63,Q62+0) -> 582.18 | R63: =if($I63="LD2",R62+$F63,R62+0) -> 643.3 | S63: =if($I63="dummy",S62+$F63,S62+0) -> 93.88
O64: =if(L183="low","140MeV","750MeV") -> 750MeV | P64: =if(L183="low","140MeV","650MeV") -> 650MeV | Q64: =if($I64="LH2",Q63+$F64,Q63+0) -> 582.18 | R64: =if($I64="LD2",R63+$F64,R63+0) -> 643.3 | S64: =if($I64="dummy",S63+$F64,S63+0) -> 93.88
O65: =if(L184="low","140MeV","750MeV") -> 750MeV | P65: =if(L184="low","140MeV","650MeV") -> 650MeV | Q65: =if($I65="LH2",Q64+$F65,Q64+0) -> 582.18 | R65: =if($I65="LD2",R64+$F65,R64+0) -> 643.3 | S65: =if($I65="dummy",S64+$F65,S64+0) -> 93.88
O66: =if(L185="low","140MeV","750MeV") -> 750MeV | P66: =if(L185="low","140MeV","650MeV") -> 650MeV | Q66: =if($I66="LH2",Q65+$F66,Q65+0) -> 582.18 | R66: =if($I66="LD2",R65+$F66,R65+0) -> 643.3 | S66: =if($I66="dummy",S65+$F66,S65+0) -> 93.88
O67: =if(L186="low","140MeV","750MeV") -> 750MeV | P67: =if(L186="low","140MeV","650MeV") -> 650MeV | Q67: =if($I67="LH2",Q66+$F67,Q66+0) -> 582.18 | R67: =if($I67="LD2",R66+$F67,R66+0) -> 643.3 | S67: =if($I67="dummy",S66+$F67,S66+0) -> 93.88
... O128: =if(L247="low","140MeV","750MeV") -> 750MeV | P128: =if(L247="low","140MeV","650MeV") -> 650MeV | Q128: =if($I128="LH2",Q127+$F128,Q127+0) -> 582.18 | R128: =if($I128="LD2",R127+$F128,R127+0) -> 643.3 | S128: =if($I128="dummy",S127+$F128,S127+0) -> 93.88
O129: =if(L248="low","140MeV","750MeV") -> 750MeV | P129: =if(L248="low","140MeV","650MeV") -> 650MeV | Q129: =if($I129="LH2",$Q128+$F129,$Q128+0) -> 582.18 | R129: =if($I129="LD2",$R128+$F129,$R128+0) -> 643.3 | S129: =if($I129="dummy",$S128+$F129,$S128+0) -> 93.88
O130: =if(L249="low","140MeV","750MeV") -> 750MeV | P130: =if(L249="low","140MeV","650MeV") -> 650MeV | Q130: =if($I130="LH2",$Q129+$F130,$Q129+0) -> 582.18 | R130: =if($I130="LD2",$R129+$F130,$R129+0) -> 643.3 | S130: =if($I130="dummy",$S129+$F130,$S129+0) -> 93.88
O131: =if(L250="low","140MeV","750MeV") -> 750MeV | P131: =if(L250="low","140MeV","650MeV") -> 650MeV | Q131: =if($I131="LH2",$Q130+$F131,$Q130+0) -> 582.18 | R131: =if($I131="LD2",$R130+$F131,$R130+0) -> 643.3 | S131: =if($I131="dummy",$S130+$F131,$S130+0) -> 93.88
O132: =if(L251="low","140MeV","750MeV") -> 750MeV | P132: =if(L251="low","140MeV","650MeV") -> 650MeV | Q132: =if($I132="LH2",Q131+$F132,Q131+0) -> 582.18 | R132: =if($I132="LD2",R131+$F132,R131+0) -> 643.3 | S132: =if($I132="dummy",S131+$F132,S131+0) -> 93.88
O133: =if(L252="low","140MeV","750MeV") -> 750MeV | P133: =if(L252="low","140MeV","650MeV") -> 650MeV | Q133: =if($I133="LH2",Q132+$F133,Q132+0) -> 582.18 | R133: =if($I133="LD2",R132+$F133,R132+0) -> 643.3 | S133: =if($I133="dummy",S132+$F133,S132+0) -> 93.88
O134: =if(L253="low","140MeV","750MeV") -> 750MeV | P134: =if(L253="low","140MeV","650MeV") -> 650MeV | Q134: =if($I134="LH2",Q133+$F134,Q133+0) -> 582.18 | R134: =if($I134="LD2",R133+$F134,R133+0) -> 643.3 | S134: =if($I134="dummy",S133+$F134,S133+0) -> 93.88
O135: =if(L254="low","140MeV","750MeV") -> 750MeV | P135: =if(L254="low","140MeV","650MeV") -> 650MeV | Q135: =if($I135="LH2",Q134+$F135,Q134+0) -> 582.18 | R135: =if($I135="LD2",R134+$F135,R134+0) -> 643.3 | S135: =if($I135="dummy",S134+$F135,S134+0) -> 93.88
O136: =if(L255="low","140MeV","750MeV") -> 750MeV | P136: =if(L255="low","140MeV","650MeV") -> 650MeV | Q136: =if($I136="LH2",Q135+$F136,Q135+0) -> 582.18 | R136: =if($I136="LD2",R135+$F136,R135+0) -> 643.3 | S136: =if($I136="dummy",S135+$F136,S135+0) -> 93.88
O137: =if(L256="low","140MeV","750MeV") -> 750MeV | P137: =if(L256="low","140MeV","650MeV") -> 650MeV | Q137: =if($I137="LH2",Q136+$F137,Q136+0) -> 582.18 | R137: =if($I137="LD2",R136+$F137,R136+0) -> 643.3 | S137: =if($I137="dummy",S136+$F137,S136+0) -> 93.88
O138: =if(L257="low","140MeV","750MeV") -> 750MeV | P138: =if(L257="low","140MeV","650MeV") -> 650MeV | Q138: =if($I138="LH2",Q137+$F138,Q137+0) -> 582.18 | R138: =if($I138="LD2",R137+$F138,R137+0) -> 643.3 | S138: =if($I138="dummy",S137+$F138,S137+0) -> 93.88
O139: =if(L258="low","140MeV","750MeV") -> 750MeV | P139: =if(L258="low","140MeV","650MeV") -> 650MeV | Q139: =if($I139="LH2",Q138+$F139,Q138+0) -> 582.18 | R139: =if($I139="LD2",R138+$F139,R138+0) -> 643.3 | S139: =if($I139="dummy",S138+$F139,S138+0) -> 93.88
O140: =if(L259="low","140MeV","750MeV") -> 750MeV | P140: =if(L259="low","140MeV","650MeV") -> 650MeV | Q140: =if($I140="LH2",Q139+$F140,Q139+0) -> 582.18 | R140: =if($I140="LD2",R139+$F140,R139+0) -> 643.3 | S140: =if($I140="dummy",S139+$F140,S139+0) -> 93.88
O141: =if(L260="low","140MeV","750MeV") -> 750MeV | P141: =if(L260="low","140MeV","650MeV") -> 650MeV | Q141: =if($I141="LH2",Q140+$F141,Q140+0) -> 582.18 | R141: =if($I141="LD2",R140+$F141,R140+0) -> 643.3 | S141: =if($I141="dummy",S140+$F141,S140+0) -> 93.88
O142: =if(L261="low","140MeV","750MeV") -> 750MeV | P142: =if(L261="low","140MeV","650MeV") -> 650MeV | Q142: =if($I142="LH2",Q141+$F142,Q141+0) -> 582.18 | R142: =if($I142="LD2",R141+$F142,R141+0) -> 643.3 | S142: =if($I142="dummy",S141+$F142,S141+0) -> 93.88
O143: =if(L262="low","140MeV","750MeV") -> 750MeV | P143: =if(L262="low","140MeV","650MeV") -> 650MeV | Q143: =if($I143="LH2",Q142+$F143,Q142+0) -> 582.18 | R143: =if($I143="LD2",R142+$F143,R142+0) -> 643.3 | S143: =if($I143="dummy",S142+$F143,S142+0) -> 93.88
... O167: =if(L286="low","140MeV","750MeV") -> 750MeV | P167: =if(L286="low","140MeV","650MeV") -> 650MeV | Q167: =if($I167="LH2",Q166+$F167,Q166+0) -> 582.18 | R167: =if($I167="LD2",R166+$F167,R166+0) -> 643.3 | S167: =if($I167="dummy",S166+$F167,S166+0) -> 93.88
Q168: =if($I168="LH2",Q167+$F168,Q167+0) -> 582.18 | R168: =if($I168="LD2",R167+$F168,R167+0) -> 643.3 | S168: =if($I168="dummy",S167+$F168,S167+0) -> 93.88

Sheet KinC_x36_2
A1: KinC_x36_2 | F1: HMS mom | G1: HMS angle | H1: SHMS angle | I1: calo angle | L1: calo distance | O1: Required Charge Total (Coulomb)
A2: sweeper screen: | B2: https://logbooks.jlab.org/entry/4222506 | F2: 4.042 | G2: 17.01 | H2: 30.664 | I2: =H2-16.3 -> 14.364 | L2: 3 | O2: ='Totals % Goal'!F3 -> 1.1
P3: accumulated charge (mC)
A4: day | B4: run# | C4: Type | D4: SHMS angle | E4: Ibeam (uA) | F4: charge (mC) | G4: Ts6 event # | H4: duration (min) | I4: target | J4: prescale | K4: coin status | N4: Clust Pair Thresh | O4: Clust read thresh | P4: LH2 | Q4: LD2 | R4: Dummy
A5: 45249 | B5: 3013 | C5: Production | D5: 30.665 | E5: 30 | F5: 103.49 | G5: 9692363 | H5: 64.64 | I5: LH2 | J5: ps6=0 | K5: sparse | N5: =if(K5="low","140MeV","750MeV") -> 750MeV | O5: =if(K5="low","140MeV","650MeV") -> 650MeV | P5: =if(I5="LH2",0+$F5,0) -> 103.49 | Q5: =if(I5="LD2",0+$F5,0) -> 0 | R5: =if(I5="dummy",0+$F5,0) -> 0
B6: 3014 | C6: Production | D6: 30.665 | E6: 30 | F6: 96.1 | G6: 8805179 | H6: 57.68 | I6: LH2 | J6: ps6=0 | K6: sparse | N6: =if(K6="low","140MeV","750MeV") -> 750MeV | O6: =if(K6="low","140MeV","650MeV") -> 650MeV | P6: =if($I6="LH2",$P5+$F6,$P5+0) -> 199.59 | Q6: =if($I6="LD2",$Q5+$F6,$Q5+0) -> 0 | R6: =if($I6="dummy",$R5+$F6,$R5+0) -> 0
B7: 3015 | C7: Production | D7: 30.665 | E7: 20 | F7: 20.32 | G7: 1333187 | H7: 18.77 | I7: LH2 | J7: ps6=0 | K7: sparse | N7: =if(K7="low","140MeV","750MeV") -> 750MeV | O7: =if(K7="low","140MeV","650MeV") -> 650MeV | P7: =if($I7="LH2",$P6+$F7,$P6+0) -> 219.91 | Q7: =if($I7="LD2",$Q6+$F7,$Q6+0) -> 0 | R7: =if($I7="dummy",$R6+$F7,$R6+0) -> 0
B8: 3016 | C8: Production | D8: 30.665 | E8: 10 | F8: 10.77 | G8: 412219 | H8: 19.72 | I8: LH2 | J8: ps6=0 | K8: sparse | N8: =if(K8="low","140MeV","750MeV") -> 750MeV | O8: =if(K8="low","140MeV","650MeV") -> 650MeV | P8: =if($I8="LH2",$P7+$F8,$P7+0) -> 230.68 | Q8: =if($I8="LD2",$Q7+$F8,$Q7+0) -> 0 | R8: =if($I8="dummy",$R7+$F8,$R7+0) -> 0
B9: 3017 | C9: Efficiency | D9: 30.665 | E9: 30 | F9: 31.73 | G9: 2977244 | H9: 18.74 | I9: LH2 | J9: ps3=3 | K9: sparse | N9: =if(K9="low","140MeV","750MeV") -> 750MeV | O9: =if(K9="low","140MeV","650MeV") -> 650MeV | P9: =if($I9="LH2",$P8+$F9,$P8+0) -> 262.41 | Q9: =if($I9="LD2",$Q8+$F9,$Q8+0) -> 0 | R9: =if($I9="dummy",$R8+$F9,$R8+0) -> 0
B10: 3018 | C10: junk | D10: 30.665 | E10: 20 | F10: 0 | G10: 80154 | H10: 1.43 | I10: LH2 | J10: ps4=0 | K10: sparse | N10: =if(K10="low","140MeV","750MeV") -> 750MeV | O10: =if(K10="low","140MeV","650MeV") -> 650MeV | P10: =if($I10="LH2",$P9+$F10,$P9+0) -> 262.41 | Q10: =if($I10="LD2",$Q9+$F10,$Q9+0) -> 0 | R10: =if($I10="dummy",$R9+$F10,$R9+0) -> 0
B11: 3019 | C11: Efficiency | D11: 30.665 | E11: 20 | F11: 42.65 | G11: 2878024 | H11: 37.95 | I11: LH2 | J11: ps4=1 | K11: sparse | N11: =if(K11="low","140MeV","750MeV") -> 750MeV | O11: =if(K11="low","140MeV","650MeV") -> 650MeV | P11: =if($I11="LH2",$P10+$F11,$P10+0) -> 305.06 | Q11: =if($I11="LD2",$Q10+$F11,$Q10+0) -> 0 | R11: =if($I11="dummy",$R10+$F11,$R10+0) -> 0
B12: 3020 | C12: Production | D12: 30.665 | E12: 10 | F12: 10.16 | G12: 912104 | H12: 18.83 | I12: LH2 | J12: ps6=0 | K12: low | N12: =if(K12="low","140MeV","750MeV") -> 140MeV | O12: =if(K12="low","140MeV","650MeV") -> 140MeV | P12: =if($I12="LH2",$P11+$F12,$P11+0) -> 315.22 | Q12: =if($I12="LD2",$Q11+$F12,$Q11+0) -> 0 | R12: =if($I12="dummy",$R11+$F12,$R11+0) -> 0
B13: 3021 | C13: junk | D13: 30.665 | E13: 10 | F13: 0 | G13: 48147 | H13: 0 | I13: LH2 | J13: ps6=0 | K13: off | N13: =if(K13="low","140MeV","750MeV") -> 750MeV | O13: =if(K13="low","140MeV","650MeV") -> 650MeV | P13: =if($I13="LH2",$P12+$F13,$P12+0) -> 315.22 | Q13: =if($I13="LD2",$Q12+$F13,$Q12+0) -> 0 | R13: =if($I13="dummy",$R12+$F13,$R12+0) -> 0
B14: 3022 | C14: junk | D14: 30.665 | E14: 20 | F14: 0 | G14: 63317 | H14: 0 | I14: LH2 | J14: ps6=0 | K14: off | N14: =if(K14="low","140MeV","750MeV") -> 750MeV | O14: =if(K14="low","140MeV","650MeV") -> 650MeV | P14: =if($I14="LH2",$P13+$F14,$P13+0) -> 315.22 | Q14: =if($I14="LD2",$Q13+$F14,$Q13+0) -> 0 | R14: =if($I14="dummy",$R13+$F14,$R13+0) -> 0
B15: 3023 | C15: Production | D15: 30.665 | E15: 12 | F15: 5.54 | G15: 222809 | H15: 9.35 | I15: LH2 | J15: ps6=0 | K15: off | N15: =if(K15="low","140MeV","750MeV") -> 750MeV | O15: =if(K15="low","140MeV","650MeV") -> 650MeV | P15: =if($I15="LH2",$P14+$F15,$P14+0) -> 320.76 | Q15: =if($I15="LD2",$Q14+$F15,$Q14+0) -> 0 | R15: =if($I15="dummy",$R14+$F15,$R14+0) -> 0
B16: 3024 | C16: junk | D16: 30.665 | E16: 20 | F16: 0 | G16: 0 | H16: 0 | I16: dummy | J16: ps6=0 | K16: sparse | L16: No end of run coda log | N16: =if(K16="low","140MeV","750MeV") -> 750MeV | O16: =if(K16="low","140MeV","650MeV") -> 650MeV | P16: =if($I16="LH2",$P15+$F16,$P15+0) -> 320.76 | Q16: =if($I16="LD2",$Q15+$F16,$Q15+0) -> 0 | R16: =if($I16="dummy",$R15+$F16,$R15+0) -> 0
B17: 3025 | C17: Production | D17: 30.665 | E17: 20 | F17: 13.37 | G17: 810223 | H17: 14.62 | I17: dummy | J17: ps6=0 | K17: sparse | N17: =if(K17="low","140MeV","750MeV") -> 750MeV | O17: =if(K17="low","140MeV","650MeV") -> 650MeV | P17: =if($I17="LH2",$P16+$F17,$P16+0) -> 320.76 | Q17: =if($I17="LD2",$Q16+$F17,$Q16+0) -> 0 | R17: =if($I17="dummy",$R16+$F17,$R16+0) -> 13.37
B18: 3026 | C18: Production | D18: 30.665 | E18: 10 | F18: 7.79 | H18: 20.38 | I18: dummy | J18: ps6=0 | K18: sparse | N18: =if(K18="low","140MeV","750MeV") -> 750MeV | O18: =if(K18="low","140MeV","650MeV") -> 650MeV | P18: =if($I18="LH2",$P17+$F18,$P17+0) -> 320.76 | Q18: =if($I18="LD2",$Q17+$F18,$Q17+0) -> 0 | R18: =if($I18="dummy",$R17+$F18,$R17+0) -> 21.16
B19: 3027 | C19: Production | D19: 30.665 | E19: 15 | F19: 6.03 | G19: 1769076 | H19: 7.29 | I19: LD2 | J19: ps6=0 | K19: sparse | N19: =if(K19="low","140MeV","750MeV") -> 750MeV | O19: =if(K19="low","140MeV","650MeV") -> 650MeV | P19: =if($I19="LH2",$P18+$F19,$P18+0) -> 320.76 | Q19: =if($I19="LD2",$Q18+$F19,$Q18+0) -> 6.03 | R19: =if($I19="dummy",$R18+$F19,$R18+0) -> 21.16
B20: 3028 | C20: Production | D20: 30.665 | E20: 10 | F20: 24.16 | G20: 5501888 | H20: 48.5 | I20: LD2 | J20: ps6=0 | K20: sparse | N20: =if(K20="low","140MeV","750MeV") -> 750MeV | O20: =if(K20="low","140MeV","650MeV") -> 650MeV | P20: =if($I20="LH2",$P19+$F20,$P19+0) -> 320.76 | Q20: =if($I20="LD2",$Q19+$F20,$Q19+0) -> 30.19 | R20: =if($I20="dummy",$R19+$F20,$R19+0) -> 21.16
B21: 3029 | C21: Production | D21: 30.665 | E21: 10 | F21: 29.53 | G21: 6719072 | H21: 58.32 | I21: LD2 | J21: ps6=0 | K21: sparse | N21: =if(K21="low","140MeV","750MeV") -> 750MeV | O21: =if(K21="low","140MeV","650MeV") -> 650MeV | P21: =if($I21="LH2",$P20+$F21,$P20+0) -> 320.76 | Q21: =if($I21="LD2",$Q20+$F21,$Q20+0) -> 59.72 | R21: =if($I21="dummy",$R20+$F21,$R20+0) -> 21.16
B22: 3030 | C22: Production | D22: 30.665 | E22: 10 | F22: 28.69 | G22: 6575379 | H22: 55.85 | I22: LD2 | J22: ps6=0 | K22: sparse | N22: =if(K22="low","140MeV","750MeV") -> 750MeV | O22: =if(K22="low","140MeV","650MeV") -> 650MeV | P22: =if($I22="LH2",$P21+$F22,$P21+0) -> 320.76 | Q22: =if($I22="LD2",$Q21+$F22,$Q21+0) -> 88.41 | R22: =if($I22="dummy",$R21+$F22,$R21+0) -> 21.16
B23: 3031 | C23: Production | D23: 30.665 | E23: 10 | F23: 33.73 | G23: 7684177 | H23: 59.17 | I23: LD2 | J23: ps6=0 | K23: sparse | N23: =if(K23="low","140MeV","750MeV") -> 750MeV | O23: =if(K23="low","140MeV","650MeV") -> 650MeV | P23: =if($I23="LH2",$P22+$F23,$P22+0) -> 320.76 | Q23: =if($I23="LD2",$Q22+$F23,$Q22+0) -> 122.14 | R23: =if($I23="dummy",$R22+$F23,$R22+0) -> 21.16
B24: 3032 | C24: junk | D24: 30.665 | E24: 7.5 | F24: 0 | G24: 1437944 | H24: 19 | I24: LD2 | J24: ps6=0 | K24: sparse | L24: VME Crate drop out | N24: =if(K24="low","140MeV","750MeV") -> 750MeV | O24: =if(K24="low","140MeV","650MeV") -> 650MeV | P24: =if($I24="LH2",$P23+$F24,$P23+0) -> 320.76 | Q24: =if($I24="LD2",$Q23+$F24,$Q23+0) -> 122.14 | R24: =if($I24="dummy",$R23+$F24,$R23+0) -> 21.16
B25: 3033 | C25: Production | D25: 30.665 | E25: 7.5 | F25: 9.29 | G25: 1714837 | H25: 21.43 | I25: LD2 | J25: ps6=0 | K25: sparse | N25: =if(K25="low","140MeV","750MeV") -> 750MeV | O25: =if(K25="low","140MeV","650MeV") -> 650MeV | P25: =if($I25="LH2",$P24+$F25,$P24+0) -> 320.76 | Q25: =if($I25="LD2",$Q24+$F25,$Q24+0) -> 131.43 | R25: =if($I25="dummy",$R24+$F25,$R24+0) -> 21.16
B26: 3034 | C26: Production | D26: 30.665 | E26: 5 | F26: 7.69 | G26: 1002035 | H26: 31.29 | I26: LD2 | J26: ps6=0 | K26: sparse | N26: =if(K26="low","140MeV","750MeV") -> 750MeV | O26: =if(K26="low","140MeV","650MeV") -> 650MeV | P26: =if($I26="LH2",$P25+$F26,$P25+0) -> 320.76 | Q26: =if($I26="LD2",$Q25+$F26,$Q25+0) -> 139.12 | R26: =if($I26="dummy",$R25+$F26,$R25+0) -> 21.16
B27: 3035 | C27: junk | D27: 30.665 | E27: 10 | F27: 0 | G27: 0 | H27: 0 | I27: LD2 | J27: ps3=3 | K27: sparse | L27: Daq error | N27: =if(K27="low","140MeV","750MeV") -> 750MeV | O27: =if(K27="low","140MeV","650MeV") -> 650MeV | P27: =if($I27="LH2",$P26+$F27,$P26+0) -> 320.76 | Q27: =if($I27="LD2",$Q26+$F27,$Q26+0) -> 139.12 | R27: =if($I27="dummy",$R26+$F27,$R26+0) -> 21.16
B28: 3058 | C28: Efficiency | D28: 30.665 | E28: 10 | F28: 11.37 | G28: 2449793 | H28: 21.27 | I28: LD2 | J28: ps3=3 | K28: sparse | N28: =if(K28="low","140MeV","750MeV") -> 750MeV | O28: =if(K28="low","140MeV","650MeV") -> 650MeV | P28: =if($I28="LH2",$P27+$F28,$P27+0) -> 320.76 | Q28: =if($I28="LD2",$Q27+$F28,$Q27+0) -> 150.49 | R28: =if($I28="dummy",$R27+$F28,$R27+0) -> 21.16
B29: 3059 | C29: junk | D29: 30.665 | E29: 7.5 | F29: 0 | G29: 0 | H29: 0 | I29: LD2 | J29: ps4=0 | K29: sparse | N29: =if(K29="low","140MeV","750MeV") -> 750MeV | O29: =if(K29="low","140MeV","650MeV") -> 650MeV | P29: =if($I29="LH2",$P28+$F29,$P28+0) -> 320.76 | Q29: =if($I29="LD2",$Q28+$F29,$Q28+0) -> 150.49 | R29: =if($I29="dummy",$R28+$F29,$R28+0) -> 21.16
B30: 3060 | C30: Efficiency | D30: 30.665 | E30: 7.5 | F30: 15.09 | G30: 2847992 | H30: 35.35 | I30: LD2 | J30: ps4=0 | K30: sparse | N30: =if(K30="low","140MeV","750MeV") -> 750MeV | O30: =if(K30="low","140MeV","650MeV") -> 650MeV | P30: =if($I30="LH2",$P29+$F30,$P29+0) -> 320.76 | Q30: =if($I30="LD2",$Q29+$F30,$Q29+0) -> 165.58 | R30: =if($I30="dummy",$R29+$F30,$R29+0) -> 21.16
B31: 3061 | C31: Production | D31: 30.665 | E31: 5 | F31: 5.6 | G31: 1082858 | H31: 19.58 | I31: LD2 | J31: ps6=0 | K31: low | N31: =if(K31="low","140MeV","750MeV") -> 140MeV | O31: =if(K31="low","140MeV","650MeV") -> 140MeV | P31: =if($I31="LH2",$P30+$F31,$P30+0) -> 320.76 | Q31: =if($I31="LD2",$Q30+$F31,$Q30+0) -> 171.18 | R31: =if($I31="dummy",$R30+$F31,$R30+0) -> 21.16
B32: 3062 | C32: Production | D32: 30.665 | E32: 10 | F32: 5.52 | G32: 1127041 | H32: 9.71 | I32: LD2 | J32: ps6=0 | K32: off | N32: =if(K32="low","140MeV","750MeV") -> 750MeV | O32: =if(K32="low","140MeV","650MeV") -> 650MeV | P32: =if($I32="LH2",$P31+$F32,$P31+0) -> 320.76 | Q32: =if($I32="LD2",$Q31+$F32,$Q31+0) -> 176.7 | R32: =if($I32="dummy",$R31+$F32,$R31+0) -> 21.16
A33: 45427 | B33: 6874 | C33: Production | D33: 30.66 | E33: 10 | F33: 14.38 | G33: 2790944 | H33: 29.41 | I33: dummy | J33: ps4=1 | K33: sparse | L33: NPS at 3.5 m | M33: SHMS thet = 16.990 | N33: =if(K33="low","140MeV","750MeV") -> 750MeV | O33: =if(K33="low","140MeV","650MeV") -> 650MeV | P33: =if($I33="LH2",$P32+$F33,$P32+0) -> 320.76 | Q33: =if($I33="LD2",$Q32+$F33,$Q32+0) -> 176.7 | R33: =if($I33="dummy",$R32+$F33,$R32+0) -> 35.54
B34: 6875 | C34: Production | D34: 30.66 | E34: 10 | F34: 16.99 | G34: 8623917 | H34: 29.59 | I34: LD2 | J34: ps4=1 | K34: sparse | N34: =if(K34="low","140MeV","750MeV") -> 750MeV | O34: =if(K34="low","140MeV","650MeV") -> 650MeV | P34: =if($I34="LH2",$P33+$F34,$P33+0) -> 320.76 | Q34: =if($I34="LD2",$Q33+$F34,$Q33+0) -> 193.69 | R34: =if($I34="dummy",$R33+$F34,$R33+0) -> 35.54
B35: 6876 | C35: Production | D35: 30.66 | E35: 10 | F35: 18.51 | G35: 9358527 | H35: 33.59 | I35: LD2 | J35: ps4=1 | K35: sparse | N35: =if(K35="low","140MeV","750MeV") -> 750MeV | O35: =if(K35="low","140MeV","650MeV") -> 650MeV | P35: =if($I35="LH2",$P34+$F35,$P34+0) -> 320.76 | Q35: =if($I35="LD2",$Q34+$F35,$Q34+0) -> 212.2 | R35: =if($I35="dummy",$R34+$F35,$R34+0) -> 35.54
B36: 6877 | C36: Production | D36: 30.66 | E36: 10 | F36: 15.18 | G36: 7814802 | H36: 30.11 | I36: LD2 | J36: ps4=1 | K36: sparse | N36: =if(K36="low","140MeV","750MeV") -> 750MeV | O36: =if(K36="low","140MeV","650MeV") -> 650MeV | P36: =if($I36="LH2",$P35+$F36,$P35+0) -> 320.76 | Q36: =if($I36="LD2",$Q35+$F36,$Q35+0) -> 227.38 | R36: =if($I36="dummy",$R35+$F36,$R35+0) -> 35.54
B37: 6878 | C37: Production | D37: 30.66 | E37: 20 | F37: 30.77 | G37: 7768581 | H37: 28.71 | I37: LH2 | J37: ps4=1 | K37: sparse | N37: =if(K37="low","140MeV","750MeV") -> 750MeV | O37: =if(K37="low","140MeV","650MeV") -> 650MeV | P37: =if($I37="LH2",$P36+$F37,$P36+0) -> 351.53 | Q37: =if($I37="LD2",$Q36+$F37,$Q36+0) -> 227.38 | R37: =if($I37="dummy",$R36+$F37,$R36+0) -> 35.54
B38: 6879 | C38: Production | D38: 30.66 | E38: 20 | F38: 23.84 | G38: 8133048 | H38: 29.04 | I38: LH2 | J38: ps4=1 | K38: sparse | N38: =if(K38="low","140MeV","750MeV") -> 750MeV | O38: =if(K38="low","140MeV","650MeV") -> 650MeV | P38: =if($I38="LH2",$P37+$F38,$P37+0) -> 375.37 | Q38: =if($I38="LD2",$Q37+$F38,$Q37+0) -> 227.38 | R38: =if($I38="dummy",$R37+$F38,$R37+0) -> 35.54
B39: 6880 | C39: Production | D39: 30.66 | E39: 20 | F39: 32.97 | G39: 8284883 | H39: 28.79 | I39: LH2 | J39: ps4=1 | K39: sparse | N39: =if(K39="low","140MeV","750MeV") -> 750MeV | O39: =if(K39="low","140MeV","650MeV") -> 650MeV | P39: =if($I39="LH2",$P38+$F39,$P38+0) -> 408.34 | Q39: =if($I39="LD2",$Q38+$F39,$Q38+0) -> 227.38 | R39: =if($I39="dummy",$R38+$F39,$R38+0) -> 35.54
N40: =if(K40="low","140MeV","750MeV") -> 750MeV | O40: =if(K40="low","140MeV","650MeV") -> 650MeV | P40: =if($I40="LH2",$P39+$F40,$P39+0) -> 408.34 | Q40: =if($I40="LD2",$Q39+$F40,$Q39+0) -> 227.38 | R40: =if($I40="dummy",$R39+$F40,$R39+0) -> 35.54
N41: =if(K41="low","140MeV","750MeV") -> 750MeV | O41: =if(K41="low","140MeV","650MeV") -> 650MeV | P41: =if($I41="LH2",$P40+$F41,$P40+0) -> 408.34 | Q41: =if($I41="LD2",$Q40+$F41,$Q40+0) -> 227.38 | R41: =if($I41="dummy",$R40+$F41,$R40+0) -> 35.54
N42: =if(K42="low","140MeV","750MeV") -> 750MeV | O42: =if(K42="low","140MeV","650MeV") -> 650MeV | P42: =if($I42="LH2",$P41+$F42,$P41+0) -> 408.34 | Q42: =if($I42="LD2",$Q41+$F42,$Q41+0) -> 227.38 | R42: =if($I42="dummy",$R41+$F42,$R41+0) -> 35.54
N43: =if(K43="low","140MeV","750MeV") -> 750MeV | O43: =if(K43="low","140MeV","650MeV") -> 650MeV | P43: =if($I43="LH2",$P42+$F43,$P42+0) -> 408.34 | Q43: =if($I43="LD2",$Q42+$F43,$Q42+0) -> 227.38 | R43: =if($I43="dummy",$R42+$F43,$R42+0) -> 35.54
N44: =if(K44="low","140MeV","750MeV") -> 750MeV | O44: =if(K44="low","140MeV","650MeV") -> 650MeV | P44: =if($I44="LH2",$P43+$F44,$P43+0) -> 408.34 | Q44: =if($I44="LD2",$Q43+$F44,$Q43+0) -> 227.38 | R44: =if($I44="dummy",$R43+$F44,$R43+0) -> 35.54
N45: =if(K45="low","140MeV","750MeV") -> 750MeV | O45: =if(K45="low","140MeV","650MeV") -> 650MeV | P45: =if($I45="LH2",$P44+$F45,$P44+0) -> 408.34 | Q45: =if($I45="LD2",$Q44+$F45,$Q44+0) -> 227.38 | R45: =if($I45="dummy",$R44+$F45,$R44+0) -> 35.54
N46: =if(K46="low","140MeV","750MeV") -> 750MeV | O46: =if(K46="low","140MeV","650MeV") -> 650MeV | P46: =if($I46="LH2",$P45+$F46,$P45+0) -> 408.34 | Q46: =if($I46="LD2",$Q45+$F46,$Q45+0) -> 227.38 | R46: =if($I46="dummy",$R45+$F46,$R45+0) -> 35.54
N47: =if(K47="low","140MeV","750MeV") -> 750MeV | O47: =if(K47="low","140MeV","650MeV") -> 650MeV | P47: =if($I47="LH2",$P46+$F47,$P46+0) -> 408.34 | Q47: =if($I47="LD2",$Q46+$F47,$Q46+0) -> 227.38 | R47: =if($I47="dummy",$R46+$F47,$R46+0) -> 35.54
N48: =if(K48="low","140MeV","750MeV") -> 750MeV | O48: =if(K48="low","140MeV","650MeV") -> 650MeV | P48: =if($I48="LH2",$P47+$F48,$P47+0) -> 408.34 | Q48: =if($I48="LD2",$Q47+$F48,$Q47+0) -> 227.38 | R48: =if($I48="dummy",$R47+$F48,$R47+0) -> 35.54
N49: =if(K49="low","140MeV","750MeV") -> 750MeV | O49: =if(K49="low","140MeV","650MeV") -> 650MeV | P49: =if($I49="LH2",$P48+$F49,$P48+0) -> 408.34 | Q49: =if($I49="LD2",$Q48+$F49,$Q48+0) -> 227.38 | R49: =if($I49="dummy",$R48+$F49,$R48+0) -> 35.54
N50: =if(K50="low","140MeV","750MeV") -> 750MeV | O50: =if(K50="low","140MeV","650MeV") -> 650MeV | P50: =if($I50="LH2",$P49+$F50,$P49+0) -> 408.34 | Q50: =if($I50="LD2",$Q49+$F50,$Q49+0) -> 227.38 | R50: =if($I50="dummy",$R49+$F50,$R49+0) -> 35.54
N51: =if(K51="low","140MeV","750MeV") -> 750MeV | O51: =if(K51="low","140MeV","650MeV") -> 650MeV | P51: =if($I51="LH2",$P50+$F51,$P50+0) -> 408.34 | Q51: =if($I51="LD2",$Q50+$F51,$Q50+0) -> 227.38 | R51: =if($I51="dummy",$R50+$F51,$R50+0) -> 35.54
... N172: =if(K172="low","140MeV","750MeV") -> 750MeV | O172: =if(K172="low","140MeV","650MeV") -> 650MeV | P172: =if($I172="LH2",$P171+$F172,$P171+0) -> 408.34 | Q172: =if($I172="LD2",$Q171+$F172,$Q171+0) -> 227.38 | R172: =if($I172="dummy",$R171+$F172,$R171+0) -> 35.54

Sheet Kin_x36_5
A1: KinC_x36_5 | F1: HMS mom | G1: HMS angle | H1: SHMS angle | I1: calo angle | L1: calo distance | N1: Required Charge Total (Coulomb) | Q1: % of goal | R1: % of goal | S1: % of goal
A2: sweeper screen: | B2: https://logbooks.jlab.org/entry/4241231 | F2: -4.637 GeV | G2: 16.435 | H2: 28.417 | I2: 12.117 | L2: 3m 2023 | N2: ='Totals % Goal'!F8 -> 1.4 | Q2: =MAX(Q5:Q1000)/(N2*1000) -> 1.2188429 | R2: =MAX(R5:R1000)/(N2*1000) -> 0.88581429 | S2: =MAX(S5:S1000)/MAX(Q5:Q1000) -> 0.19569498
L3: 4m 2024 | Q3: accumulated charge (mC)
A4: day | B4: run# | C4: Type | D4: SHMS angle | E4: Ibeam (uA) | F4: charge (mC) | G4: Ts6 event # | H4: duration (min) | I4: target | J4: prescale | K4: coin status | Q4: LH2 | R4: LD2 | S4: Dummy
A5: 45223 | B5: 2184 | C5: optics | D5: =H2 -> 28.417 | E5: 25.31 | F5: 59.75 | G5: 316590 | H5: 44.38 | I5: Carbon 0.5% | J5: ps4=0 | K5: sparse | O5: =if(K5="low","140MeV","750MeV") -> 750MeV | P5: =if(K5="low","140MeV","650MeV") -> 650MeV | Q5: =if($I5="LH2",0+$F5,0) -> 0 | R5: =if($I5="LD2",0+$F5,0) -> 0 | S5: =if($I5="dummy",0+$F5,0) -> 0
B6: 2185 | C6: optics | D6: 28.417 | E6: 26.95 | F6: 86.81 | G6: 387242 | H6: 59.68 | I6: Optics +/- 8 cm | J6: ps4=0 | K6: sparse | O6: =if(K6="low","140MeV","750MeV") -> 750MeV | P6: =if(K6="low","140MeV","650MeV") -> 650MeV | Q6: =if($I6="LH2",$Q5+$F6,$Q5+0) -> 0 | R6: =if($I6="LD2",$R5+$F6,$R5+0) -> 0 | S6: =if($I6="dummy",$S5+$F6,$S5+0) -> 0
B7: 2186 | C7: optics | D7: 28.417 | E7: 27.27 | F7: 83.08 | G7: 373125 | H7: 57.32 | I7: Optics +/- 8 cm | J7: ps4=0 | K7: sparse | O7: =if(K7="low","140MeV","750MeV") -> 750MeV | P7: =if(K7="low","140MeV","650MeV") -> 650MeV | Q7: =if($I7="LH2",$Q6+$F7,$Q6+0) -> 0 | R7: =if($I7="LD2",$R6+$F7,$R6+0) -> 0 | S7: =if($I7="dummy",$S6+$F7,$S6+0) -> 0
B8: 2187 | C8: optics | D8: 28.417 | E8: 25.5 | F8: 72.2 | G8: 399945 | H8: 54.7 | I8: Carbon 0.5% | J8: ps4=0 | K8: sparse | L8: https://logbooks.jlab.org/entry/4207586 | O8: =if(K8="low","140MeV","750MeV") -> 750MeV | P8: =if(K8="low","140MeV","650MeV") -> 650MeV | Q8: =if($I8="LH2",$Q7+$F8,$Q7+0) -> 0 | R8: =if($I8="LD2",$R7+$F8,$R7+0) -> 0 | S8: =if($I8="dummy",$S7+$F8,$S7+0) -> 0
B9: 2188 | C9: production | D9: 28.417 | E9: 12.9 | F9: 7.11 | G9: 1909925 | H9: 18.78 | I9: LD2 | J9: ps6=0 | K9: sparse | L9: Clust pair thresh = 750MeV, clust read thresh = 500MeV | O9: =if(K9="low","140MeV","750MeV") -> 750MeV | P9: =if(K9="low","140MeV","650MeV") -> 650MeV | Q9: =if($I9="LH2",$Q8+$F9,$Q8+0) -> 0 | R9: =if($I9="LD2",$R8+$F9,$R8+0) -> 7.11 | S9: =if($I9="dummy",$S8+$F9,$S8+0) -> 0
B10: 2189 | C10: production | D10: 28.417 | E10: 9.47 | F10: 22.47 | G10: 4682917 | H10: 44.79 | I10: LD2 | J10: ps6=0 | K10: sparse | L10: Clust pair thresh = 750MeV, clust read thresh = 500MeV | O10: =if(K10="low","140MeV","750MeV") -> 750MeV | P10: =if(K10="low","140MeV","650MeV") -> 650MeV | Q10: =if($I10="LH2",$Q9+$F10,$Q9+0) -> 0 | R10: =if($I10="LD2",$R9+$F10,$R9+0) -> 29.58 | S10: =if($I10="dummy",$S9+$F10,$S9+0) -> 0
B11: 2190 | C11: production | D11: 28.417 | E11: 9.35 | F11: 24.1 | G11: 4895441 | H11: 47.97 | I11: LD2 | J11: ps6=0 | K11: sparse | L11: Clust pair thresh = 750MeV, clust read thresh = 500MeV | O11: =if(K11="low","140MeV","750MeV") -> 750MeV | P11: =if(K11="low","140MeV","650MeV") -> 650MeV | Q11: =if($I11="LH2",$Q10+$F11,$Q10+0) -> 0 | R11: =if($I11="LD2",$R10+$F11,$R10+0) -> 53.68 | S11: =if($I11="dummy",$S10+$F11,$S10+0) -> 0
B12: 2191 | C12: production | D12: 28.417 | E12: 9.59 | F12: 22.19 | G12: 4559722 | H12: 39.43 | I12: LD2 | J12: ps6=0 | K12: sparse | L12: Clust pair thresh = 750MeV, clust read thresh = 500MeV | O12: =if(K12="low","140MeV","750MeV") -> 750MeV | P12: =if(K12="low","140MeV","650MeV") -> 650MeV | Q12: =if($I12="LH2",$Q11+$F12,$Q11+0) -> 0 | R12: =if($I12="LD2",$R11+$F12,$R11+0) -> 75.87 | S12: =if($I12="dummy",$S11+$F12,$S11+0) -> 0
B13: 2192 | C13: production | D13: 28.417 | E13: 9.19 | F13: 24.09 | G13: 4815198 | H13: 53.69 | I13: LD2 | J13: ps6=0 | K13: sparse | L13: Clust pair thresh = 750MeV, clust read thresh = 500MeV | O13: =if(K13="low","140MeV","750MeV") -> 750MeV | P13: =if(K13="low","140MeV","650MeV") -> 650MeV | Q13: =if($I13="LH2",$Q12+$F13,$Q12+0) -> 0 | R13: =if($I13="LD2",$R12+$F13,$R12+0) -> 99.96 | S13: =if($I13="dummy",$S12+$F13,$S12+0) -> 0
B14: 2193 | C14: production | D14: 28.417 | E14: 6.73 | F14: 8.06 | G14: 1270189 | H14: 20.92 | I14: LD2 | J14: ps6=0 | K14: sparse | L14: Clust pair thresh = 750MeV, clust read thresh = 500MeV | O14: =if(K14="low","140MeV","750MeV") -> 750MeV | P14: =if(K14="low","140MeV","650MeV") -> 650MeV | Q14: =if($I14="LH2",$Q13+$F14,$Q13+0) -> 0 | R14: =if($I14="LD2",$R13+$F14,$R13+0) -> 108.02 | S14: =if($I14="dummy",$S13+$F14,$S13+0) -> 0
B15: 2194 | C15: production | D15: 28.417 | E15: 3.96 | F15: 5 | G15: 535259 | H15: 22.54 | I15: LD2 | J15: ps6=0 | K15: sparse | L15: Clust pair thresh = 750MeV, clust read thresh = 500MeV | O15: =if(K15="low","140MeV","750MeV") -> 750MeV | P15: =if(K15="low","140MeV","650MeV") -> 650MeV | Q15: =if($I15="LH2",$Q14+$F15,$Q14+0) -> 0 | R15: =if($I15="LD2",$R14+$F15,$R14+0) -> 113.02 | S15: =if($I15="dummy",$S14+$F15,$S14+0) -> 0
B16: 2195 | C16: efficiency | D16: 28.417 | E16: 9.34 | F16: 11.52 | G16: 2333049 | H16: 23.2 | I16: LD2 | J16: ps3=2 | K16: sparse | L16: Clust pair thresh = 750MeV, clust read thresh = 500MeV | O16: =if(K16="low","140MeV","750MeV") -> 750MeV | P16: =if(K16="low","140MeV","650MeV") -> 650MeV | Q16: =if($I16="LH2",$Q15+$F16,$Q15+0) -> 0 | R16: =if($I16="LD2",$R15+$F16,$R15+0) -> 124.54 | S16: =if($I16="dummy",$S15+$F16,$S15+0) -> 0
B17: 2196 | C17: junk | D17: 28.417 | E17: 9.55 | F17: 0 | G17: 168622 | H17: 1.82 | I17: LD2 | J17: ps6=1 | K17: low | L17: Clust pair thresh = 140MeV, clust read thresh = 140MeV | O17: =if(K17="low","140MeV","750MeV") -> 140MeV | P17: =if(K17="low","140MeV","650MeV") -> 140MeV | Q17: =if($I17="LH2",$Q16+$F17,$Q16+0) -> 0 | R17: =if($I17="LD2",$R16+$F17,$R16+0) -> 124.54 | S17: =if($I17="dummy",$S16+$F17,$S16+0) -> 0
B18: 2197 | C18: production | D18: 28.417 | E18: 9.39 | F18: 11.7 | G18: 1855581 | H18: 21.8 | I18: LD2 | J18: ps6=1 | K18: low | L18: Clust pair thresh = 140MeV, clust read thresh = 140MeV | O18: =if(K18="low","140MeV","750MeV") -> 140MeV | P18: =if(K18="low","140MeV","650MeV") -> 140MeV | Q18: =if($I18="LH2",$Q17+$F18,$Q17+0) -> 0 | R18: =if($I18="LD2",$R17+$F18,$R17+0) -> 136.24 | S18: =if($I18="dummy",$S17+$F18,$S17+0) -> 0
B19: 2198 | C19: junk | D19: 28.417 | E19: 14.11 | F19: 0 | G19: 177026 | H19: 0 | I19: LD2 | J19: ps6=1 | K19: off | L19: Sparse Off, Clust pair thresh = 750MeV, clust read thresh = 500MeV | O19: =if(K19="low","140MeV","750MeV") -> 750MeV | P19: =if(K19="low","140MeV","650MeV") -> 650MeV | Q19: =if($I19="LH2",$Q18+$F19,$Q18+0) -> 0 | R19: =if($I19="LD2",$R18+$F19,$R18+0) -> 136.24 | S19: =if($I19="dummy",$S18+$F19,$S18+0) -> 0
... B22: 2201 | C22: production | D22: 28.417 | E22: 13.42 | F22: 8.3 | G22: 2102858 | H22: 11.14 | I22: LD2 | J22: ps6=5 | K22: off | L22: Sparse Off, Clust pair thresh = 750MeV, clust read thresh = 500MeV | O22: =if(K22="low","140MeV","750MeV") -> 750MeV | P22: =if(K22="low","140MeV","650MeV") -> 650MeV | Q22: =if($I22="LH2",$Q21+$F22,$Q21+0) -> 0 | R22: =if($I22="LD2",$R21+$F22,$R21+0) -> 151.8 | S22: =if($I22="dummy",$S21+$F22,$S21+0) -> 0
B23: 2202 | C23: production | D23: 28.417 | E23: 30 | F23: 0 | H23: 30 | I23: dummy | J23: ps6=0 | K23: sparse | L23: No end of run coda log | O23: =if(K23="low","140MeV","750MeV") -> 750MeV | P23: =if(K23="low","140MeV","650MeV") -> 650MeV | Q23: =if($I23="LH2",$Q22+$F23,$Q22+0) -> 0 | R23: =if($I23="LD2",$R22+$F23,$R22+0) -> 151.8 | S23: =if($I23="dummy",$S22+$F23,$S22+0) -> 0
B24: 2203 | C24: production | D24: 28.417 | E24: 13.45 | F24: 16.34 | G24: 766717 | H24: 25.42 | I24: dummy | J24: ps6=0 | K24: sparse | L24: Clust pair thresh = 750MeV, clust read thresh = 500MeV | O24: =if(K24="low","140MeV","750MeV") -> 750MeV | P24: =if(K24="low","140MeV","650MeV") -> 650MeV | Q24: =if($I24="LH2",$Q23+$F24,$Q23+0) -> 0 | R24: =if($I24="LD2",$R23+$F24,$R23+0) -> 151.8 | S24: =if($I24="dummy",$S23+$F24,$S23+0) -> 16.34
B25: 2204 | C25: production | D25: 28.417 | E25: 21.92 | F25: 8.36 | G25: 637372 | H25: 8.19 | I25: LH2 | J25: ps6=0 | K25: sparse | L25: Clust pair thresh = 750MeV, clust read thresh = 500MeV | O25: =if(K25="low","140MeV","750MeV") -> 750MeV | P25: =if(K25="low","140MeV","650MeV") -> 650MeV | Q25: =if($I25="LH2",$Q24+$F25,$Q24+0) -> 8.36 | R25: =if($I25="LD2",$R24+$F25,$R24+0) -> 151.8 | S25: =if($I25="dummy",$S24+$F25,$S24+0) -> 16.34
A26: 45224 | B26: 2205 | C26: production | D26: 28.417 | E26: 21.58 | F26: 57.17 | G26: 3878110 | H26: 56.81 | I26: LH2 | J26: ps6=0 | K26: sparse | L26: Clust pair thresh = 750MeV, clust read thresh = 500MeV | O26: =if(K26="low","140MeV","750MeV") -> 750MeV | P26: =if(K26="low","140MeV","650MeV") -> 650MeV | Q26: =if($I26="LH2",$Q25+$F26,$Q25+0) -> 65.53 | R26: =if($I26="LD2",$R25+$F26,$R25+0) -> 151.8 | S26: =if($I26="dummy",$S25+$F26,$S25+0) -> 16.34
B27: 2206 | C27: production | D27: 28.417 | E27: 22.37 | F27: 54.21 | G27: 3706784 | H27: 45.32 | I27: LH2 | J27: ps6=0 | K27: sparse | L27: Clust pair thresh = 750MeV, clust read thresh = 500MeV | O27: =if(K27="low","140MeV","750MeV") -> 750MeV | P27: =if(K27="low","140MeV","650MeV") -> 650MeV | Q27: =if($I27="LH2",$Q26+$F27,$Q26+0) -> 119.74 | R27: =if($I27="LD2",$R26+$F27,$R26+0) -> 151.8 | S27: =if($I27="dummy",$S26+$F27,$S26+0) -> 16.34
B28: 2207 | C28: production | D28: 28.417 | E28: 15.06 | F28: 24.42 | G28: 1259776 | H28: 31.52 | I28: LH2 | J28: ps6=0 | K28: sparse | L28: Clust pair thresh = 750MeV, clust read thresh = 500MeV | O28: =if(K28="low","140MeV","750MeV") -> 750MeV | P28: =if(K28="low","140MeV","650MeV") -> 650MeV | Q28: =if($I28="LH2",$Q27+$F28,$Q27+0) -> 144.16 | R28: =if($I28="LD2",$R27+$F28,$R27+0) -> 151.8 | S28: =if($I28="dummy",$S27+$F28,$S27+0) -> 16.34
B29: 2208 | C29: production | D29: 28.417 | E29: 7.67 | F29: 11.33 | G29: 370031 | H29: 26.16 | I29: LH2 | J29: ps6=0 | K29: sparse | L29: Clust pair thresh = 750MeV, clust read thresh = 500MeV | O29: =if(K29="low","140MeV","750MeV") -> 750MeV | P29: =if(K29="low","140MeV","650MeV") -> 650MeV | Q29: =if($I29="LH2",$Q28+$F29,$Q28+0) -> 155.49 | R29: =if($I29="LD2",$R28+$F29,$R28+0) -> 151.8 | S29: =if($I29="dummy",$S28+$F29,$S28+0) -> 16.34
B30: 2209 | C30: production | D30: 28.417 | E30: 20.83 | F30: 21.69 | G30: 1447757 | H30: 22.37 | I30: LH2 | J30: ps6=0 | K30: sparse | L30: Clust pair thresh = 750MeV, clust read thresh = 500MeV | O30: =if(K30="low","140MeV","750MeV") -> 750MeV | P30: =if(K30="low","140MeV","650MeV") -> 650MeV | Q30: =if($I30="LH2",$Q29+$F30,$Q29+0) -> 177.18 | R30: =if($I30="LD2",$R29+$F30,$R29+0) -> 151.8 | S30: =if($I30="dummy",$S29+$F30,$S29+0) -> 16.34
B31: 2210 | C31: junk | D31: 28.417 | F31: 0 | H31: 2 | I31: LH2 | J31: ps6=0 | K31: off | L31: Sparse Off, Clust pair thresh = 750MeV, clust read thresh = 500MeV | O31: =if(K31="low","140MeV","750MeV") -> 750MeV | P31: =if(K31="low","140MeV","650MeV") -> 650MeV | Q31: =if($I31="LH2",$Q30+$F31,$Q30+0) -> 177.18 | R31: =if($I31="LD2",$R30+$F31,$R30+0) -> 151.8 | S31: =if($I31="dummy",$S30+$F31,$S30+0) -> 16.34
B32: 2211 | C32: production | D32: 28.417 | E32: 22.45 | F32: 18 | G32: 1230397 | H32: 15.11 | I32: LH2 | J32: ps6=3 | K32: off | L32: Sparse Off, Clust pair thresh = 750MeV, clust read thresh = 500MeV | O32: =if(K32="low","140MeV","750MeV") -> 750MeV | P32: =if(K32="low","140MeV","650MeV") -> 650MeV | Q32: =if($I32="LH2",$Q31+$F32,$Q31+0) -> 195.18 | R32: =if($I32="LD2",$R31+$F32,$R31+0) -> 151.8 | S32: =if($I32="dummy",$S31+$F32,$S31+0) -> 16.34
B33: 2212 | C33: production | D33: 28.417 | E33: 7.51 | F33: 10.24 | G33: 683534 | H33: 25.05 | I33: LH2 | J33: ps6=0 | K33: low | L33: Clust pair thresh = 140MeV, clust read thresh = 140MeV | O33: =if(K33="low","140MeV","750MeV") -> 140MeV | P33: =if(K33="low","140MeV","650MeV") -> 140MeV | Q33: =if($I33="LH2",$Q32+$F33,$Q32+0) -> 205.42 | R33: =if($I33="LD2",$R32+$F33,$R32+0) -> 151.8 | S33: =if($I33="dummy",$S32+$F33,$S32+0) -> 16.34
B34: 2213 | C34: production | D34: 28.417 | E34: 9.24 | F34: 27.42 | G34: 5415671 | H34: 58.15 | I34: LD2 | J34: ps6=0 | K34: sparse | L34: Clust pair thresh = 750MeV, clust read thresh = 500MeV | O34: =if(K34="low","140MeV","750MeV") -> 750MeV | P34: =if(K34="low","140MeV","650MeV") -> 650MeV | Q34: =if($I34="LH2",$Q33+$F34,$Q33+0) -> 205.42 | R34: =if($I34="LD2",$R33+$F34,$R33+0) -> 179.22 | S34: =if($I34="dummy",$S33+$F34,$S33+0) -> 16.34
B35: 2214 | C35: production | D35: 28.417 | E35: 9.15 | F35: 21.86 | G35: 4259991 | H35: 43.42 | I35: LD2 | J35: ps6=0 | K35: sparse | L35: Clust pair thresh = 750MeV, clust read thresh = 500MeV | O35: =if(K35="low","140MeV","750MeV") -> 750MeV | P35: =if(K35="low","140MeV","650MeV") -> 650MeV | Q35: =if($I35="LH2",$Q34+$F35,$Q34+0) -> 205.42 | R35: =if($I35="LD2",$R34+$F35,$R34+0) -> 201.08 | S35: =if($I35="dummy",$S34+$F35,$S34+0) -> 16.34
A36: 45225 | B36: 2246 | C36: production | D36: 28.417 | E36: 9.51 | F36: 22.7 | G36: 4824636 | H36: 43.12 | I36: LD2 | J36: ps6=0 | K36: sparse | L36: Clust pair thresh = 750MeV, clust read thresh = 500MeV | O36: =if(K36="low","140MeV","750MeV") -> 750MeV | P36: =if(K36="low","140MeV","650MeV") -> 650MeV | Q36: =if($I36="LH2",$Q35+$F36,$Q35+0) -> 205.42 | R36: =if($I36="LD2",$R35+$F36,$R35+0) -> 223.78 | S36: =if($I36="dummy",$S35+$F36,$S35+0) -> 16.34
B37: 2247 | C37: production | D37: 28.417 | E37: 9.56 | F37: 24.7 | G37: 5096680 | H37: 44.43 | I37: LD2 | J37: ps6=0 | K37: sparse | L37: Clust pair thresh = 750MeV, clust read thresh = 500MeV | O37: =if(K37="low","140MeV","750MeV") -> 750MeV | P37: =if(K37="low","140MeV","650MeV") -> 650MeV | Q37: =if($I37="LH2",$Q36+$F37,$Q36+0) -> 205.42 | R37: =if($I37="LD2",$R36+$F37,$R36+0) -> 248.48 | S37: =if($I37="dummy",$S36+$F37,$S36+0) -> 16.34
B38: 2248 | C38: production | D38: 28.417 | E38: 9.25 | F38: 25.64 | G38: 5355138 | H38: 92.78 | I38: LD2 | J38: ps6=0 | K38: sparse | L38: Clust pair thresh = 750MeV, clust read thresh = 500MeV | O38: =if(K38="low","140MeV","750MeV") -> 750MeV | P38: =if(K38="low","140MeV","650MeV") -> 650MeV | Q38: =if($I38="LH2",$Q37+$F38,$Q37+0) -> 205.42 | R38: =if($I38="LD2",$R37+$F38,$R37+0) -> 274.12 | S38: =if($I38="dummy",$S37+$F38,$S37+0) -> 16.34
B39: 2249 | C39: production | D39: 28.417 | E39: 6.66 | F39: 8.3 | G39: 1349254 | H39: 31.35 | I39: LD2 | J39: ps6=0 | K39: sparse | L39: Clust pair thresh = 750MeV, clust read thresh = 500MeV | O39: =if(K39="low","140MeV","750MeV") -> 750MeV | P39: =if(K39="low","140MeV","650MeV") -> 650MeV | Q39: =if($I39="LH2",$Q38+$F39,$Q38+0) -> 205.42 | R39: =if($I39="LD2",$R38+$F39,$R38+0) -> 282.42 | S39: =if($I39="dummy",$S38+$F39,$S38+0) -> 16.34
B40: 2250 | C40: production | D40: 28.417 | E40: 3.93 | F40: 5.1 | G40: 565333 | H40: 28.96 | I40: LD2 | J40: ps6=0 | K40: sparse | L40: Clust pair thresh = 750MeV, clust read thresh = 500MeV | O40: =if(K40="low","140MeV","750MeV") -> 750MeV | P40: =if(K40="low","140MeV","650MeV") -> 650MeV | Q40: =if($I40="LH2",$Q39+$F40,$Q39+0) -> 205.42 | R40: =if($I40="LD2",$R39+$F40,$R39+0) -> 287.52 | S40: =if($I40="dummy",$S39+$F40,$S39+0) -> 16.34
B41: 2251 | C41: efficiency | D41: 28.417 | E41: 9.41 | F41: 19.38 | G41: 3977042 | H41: 40.37 | I41: LD2 | J41: ps3=2 | K41: sparse | L41: Clust pair thresh = 750MeV, clust read thresh = 500MeV | O41: =if(K41="low","140MeV","750MeV") -> 750MeV | P41: =if(K41="low","140MeV","650MeV") -> 650MeV | Q41: =if($I41="LH2",$Q40+$F41,$Q40+0) -> 205.42 | R41: =if($I41="LD2",$R40+$F41,$R40+0) -> 306.9 | S41: =if($I41="dummy",$S40+$F41,$S40+0) -> 16.34
B42: 2252 | C42: junk | D42: 28.417 | E42: 9.41 | F42: 0 | G42: 34130 | H42: 14 | I42: LD2 | J42: ps6=1 | K42: low | L42: Clust pair thresh = 140MeV, clust read thresh = 140MeV | O42: =if(K42="low","140MeV","750MeV") -> 750MeV | P42: =if(K42="low","140MeV","650MeV") -> 650MeV | Q42: =if($I42="LH2",$Q41+$F42,$Q41+0) -> 205.42 | R42: =if($I42="LD2",$R41+$F42,$R41+0) -> 306.9 | S42: =if($I42="dummy",$S41+$F42,$S41+0) -> 16.34
B43: 2253 | C43: production | D43: 28.417 | E43: 9.27 | F43: 13.59 | G43: 2193418 | H43: 27.85 | I43: LD2 | J43: ps6=1 | K43: low | L43: Clust pair thresh = 140MeV, clust read thresh = 140MeV | O43: =if(K43="low","140MeV","750MeV") -> 750MeV | P43: =if(K43="low","140MeV","650MeV") -> 650MeV | Q43: =if($I43="LH2",$Q42+$F43,$Q42+0) -> 205.42 | R43: =if($I43="LD2",$R42+$F43,$R42+0) -> 320.49 | S43: =if($I43="dummy",$S42+$F43,$S42+0) -> 16.34
B44: 2254 | C44: junk | D44: 28.417 | E44: 9.17 | F44: 6.02 | G44: 1212738 | H44: 13.17 | I44: LD2 | J44: ps6=4 | K44: off | L44: Collimator control locked up, ended run, assumed that collimator was stuck at Large Collim anyway | O44: =if(K44="low","140MeV","750MeV") -> 750MeV | P44: =if(K44="low","140MeV","650MeV") -> 650MeV | Q44: =if($I44="LH2",$Q43+$F44,$Q43+0) -> 205.42 | R44: =if($I44="LD2",$R43+$F44,$R43+0) -> 326.51 | S44: =if($I44="dummy",$S43+$F44,$S43+0) -> 16.34
B45: 2255 | C45: production | D45: 28.417 | E45: 9.27 | F45: 13.96 | G45: 2838303 | H45: 27.16 | I45: LD2 | J45: ps6=4 | K45: off | L45: Sparse Off, Clust pair thresh = 750MeV, clust read thresh = 500MeV | O45: =if(K45="low","140MeV","750MeV") -> 750MeV | P45: =if(K45="low","140MeV","650MeV") -> 650MeV | Q45: =if($I45="LH2",$Q44+$F45,$Q44+0) -> 205.42 | R45: =if($I45="LD2",$R44+$F45,$R44+0) -> 340.47 | S45: =if($I45="dummy",$S44+$F45,$S44+0) -> 16.34
B46: 2256 | C46: production | D46: 28.417 | E46: 25.72 | F46: 43.6 | G46: 3578437 | H46: 32.78 | I46: dummy | J46: ps6=0 | K46: sparse | L46: Clust pair thresh = 750MeV, clust read thresh = 500MeV | O46: =if(K46="low","140MeV","750MeV") -> 750MeV | P46: =if(K46="low","140MeV","650MeV") -> 650MeV | Q46: =if($I46="LH2",$Q45+$F46,$Q45+0) -> 205.42 | R46: =if($I46="LD2",$R45+$F46,$R45+0) -> 340.47 | S46: =if($I46="dummy",$S45+$F46,$S45+0) -> 59.94
B47: 2257 | C47: production | D47: 28.417 | E47: 13.91 | F47: 14.78 | G47: 709355 | H47: 19.25 | I47: dummy | J47: ps6=0 | K47: sparse | L47: Clust pair thresh = 750MeV, clust read thresh = 500MeV | O47: =if(K47="low","140MeV","750MeV") -> 750MeV | P47: =if(K47="low","140MeV","650MeV") -> 650MeV | Q47: =if($I47="LH2",$Q46+$F47,$Q46+0) -> 205.42 | R47: =if($I47="LD2",$R46+$F47,$R46+0) -> 340.47 | S47: =if($I47="dummy",$S46+$F47,$S46+0) -> 74.72
B48: 2258 | C48: production | D48: 28.417 | E48: 26.45 | F48: 68.92 | G48: 5457653 | H48: 50.97 | I48: LH2 | J48: ps6=0 | K48: sparse | L48: Clust pair thresh = 750MeV, clust read thresh = 500MeV | O48: =if(K48="low","140MeV","750MeV") -> 750MeV | P48: =if(K48="low","140MeV","650MeV") -> 650MeV | Q48: =if($I48="LH2",$Q47+$F48,$Q47+0) -> 274.34 | R48: =if($I48="LD2",$R47+$F48,$R47+0) -> 340.47 | S48: =if($I48="dummy",$S47+$F48,$S47+0) -> 74.72
... B54: 2264 | C54: production | D54: 28.417 | E54: 22.47 | F54: 16.91 | G54: 1190789 | H54: 14.38 | I54: LH2 | J54: ps6=0 | K54: off | L54: Sparse Off, Clust pair thresh = 750MeV, clust read thresh = 500MeV | O54: =if(K54="low","140MeV","750MeV") -> 750MeV | P54: =if(K54="low","140MeV","650MeV") -> 650MeV | Q54: =if($I54="LH2",$Q53+$F54,$Q53+0) -> 447.01 | R54: =if($I54="LD2",$R53+$F54,$R53+0) -> 340.47 | S54: =if($I54="dummy",$S53+$F54,$S53+0) -> 74.72
B55: 2265 | C55: production | D55: 28.417 | F55: 0 | H55: 52 | I55: LD2 | J55: ps6=0 | K55: sparse | L55: no end of run coda log | O55: =if(K55="low","140MeV","750MeV") -> 750MeV | P55: =if(K55="low","140MeV","650MeV") -> 650MeV | Q55: =if($I55="LH2",$Q54+$F55,$Q54+0) -> 447.01 | R55: =if($I55="LD2",$R54+$F55,$R54+0) -> 340.47 | S55: =if($I55="dummy",$S54+$F55,$S54+0) -> 74.72
B56: 2266 | C56: junk | D56: 28.417 | F56: 0 | H56: 0 | I56: LD2 | J56: ps6=0 | K56: sparse | L56: no end of run coda log | O56: =if(K56="low","140MeV","750MeV") -> 750MeV | P56: =if(K56="low","140MeV","650MeV") -> 650MeV | Q56: =if($I56="LH2",$Q55+$F56,$Q55+0) -> 447.01 | R56: =if($I56="LD2",$R55+$F56,$R55+0) -> 340.47 | S56: =if($I56="dummy",$S55+$F56,$S55+0) -> 74.72
B57: 2267 | C57: junk | D57: 28.417 | F57: 0 | H57: 0 | I57: LD2 | J57: ps6=0 | K57: sparse | L57: no end of run coda log | O57: =if(K57="low","140MeV","750MeV") -> 750MeV | P57: =if(K57="low","140MeV","650MeV") -> 650MeV | Q57: =if($I57="LH2",$Q56+$F57,$Q56+0) -> 447.01 | R57: =if($I57="LD2",$R56+$F57,$R56+0) -> 340.47 | S57: =if($I57="dummy",$S56+$F57,$S56+0) -> 74.72
B58: 2268 | C58: junk | D58: 28.417 | F58: 0 | H58: 0 | I58: LD2 | J58: ps6=0 | K58: sparse | L58: no end of run coda log | O58: =if(K58="low","140MeV","750MeV") -> 750MeV | P58: =if(K58="low","140MeV","650MeV") -> 650MeV | Q58: =if($I58="LH2",$Q57+$F58,$Q57+0) -> 447.01 | R58: =if($I58="LD2",$R57+$F58,$R57+0) -> 340.47 | S58: =if($I58="dummy",$S57+$F58,$S57+0) -> 74.72
B59: 2269 | C59: junk | D59: 28.417 | F59: 0 | H59: 0 | I59: LD2 | J59: ps6=0 | K59: sparse | L59: no end of run coda log | O59: =if(K59="low","140MeV","750MeV") -> 750MeV | P59: =if(K59="low","140MeV","650MeV") -> 650MeV | Q59: =if($I59="LH2",$Q58+$F59,$Q58+0) -> 447.01 | R59: =if($I59="LD2",$R58+$F59,$R58+0) -> 340.47 | S59: =if($I59="dummy",$S58+$F59,$S58+0) -> 74.72
B60: 2270 | C60: junk | D60: 28.417 | F60: 0 | H60: 0 | I60: LD2 | J60: ps6=0 | K60: sparse | L60: no end of run coda log | O60: =if(K60="low","140MeV","750MeV") -> 750MeV | P60: =if(K60="low","140MeV","650MeV") -> 650MeV | Q60: =if($I60="LH2",$Q59+$F60,$Q59+0) -> 447.01 | R60: =if($I60="LD2",$R59+$F60,$R59+0) -> 340.47 | S60: =if($I60="dummy",$S59+$F60,$S59+0) -> 74.72
B61: 2271 | C61: production | D61: 28.417 | E61: 11.24 | F61: 28.72 | G61: 6288306 | H61: 53.95 | I61: LD2 | J61: ps6=0 | K61: sparse | L61: Clust pair thresh = 750MeV, clust read thresh = 500MeV | O61: =if(K61="low","140MeV","750MeV") -> 750MeV | P61: =if(K61="low","140MeV","650MeV") -> 650MeV | Q61: =if($I61="LH2",$Q60+$F61,$Q60+0) -> 447.01 | R61: =if($I61="LD2",$R60+$F61,$R60+0) -> 369.19 | S61: =if($I61="dummy",$S60+$F61,$S60+0) -> 74.72
B62: 2272 | C62: Test | D62: 28.417 | E62: 11.49 | F62: 0 | G62: 770595 | H62: 5.2 | I62: LD2 | J62: ps6=0 | K62: sparse | L62: Background Radiation Check | O62: =if(K62="low","140MeV","750MeV") -> 750MeV | P62: =if(K62="low","140MeV","650MeV") -> 650MeV | Q62: =if($I62="LH2",$Q61+$F62,$Q61+0) -> 447.01 | R62: =if($I62="LD2",$R61+$F62,$R61+0) -> 369.19 | S62: =if($I62="dummy",$S61+$F62,$S61+0) -> 74.72
B63: 2273 | C63: junk | D63: 28.417 | E63: 12 | F63: 0 | H63: 40 | I63: LD2 | J63: ps6=0 | K63: sparse | L63: no end of run coda log | O63: =if(K63="low","140MeV","750MeV") -> 750MeV | P63: =if(K63="low","140MeV","650MeV") -> 650MeV | Q63: =if($I63="LH2",$Q62+$F63,$Q62+0) -> 447.01 | R63: =if($I63="LD2",$R62+$F63,$R62+0) -> 369.19 | S63: =if($I63="dummy",$S62+$F63,$S62+0) -> 74.72
B64: 2274 | C64: production | D64: 28.417 | E64: 11.34 | F64: 8.45 | G64: 1763212 | H64: 12.75 | I64: LD2 | J64: ps6=0 | K64: sparse | L64: Clust pair thresh = 750MeV, clust read thresh = 500MeV | O64: =if(K64="low","140MeV","750MeV") -> 750MeV | P64: =if(K64="low","140MeV","650MeV") -> 650MeV | Q64: =if($I64="LH2",$Q63+$F64,$Q63+0) -> 447.01 | R64: =if($I64="LD2",$R63+$F64,$R63+0) -> 377.64 | S64: =if($I64="dummy",$S63+$F64,$S63+0) -> 74.72
B65: 2275 | C65: production | D65: 28.417 | E65: 11.25 | F65: 20.75 | G65: 4582960 | H65: 37.79 | I65: LD2 | J65: ps6=0 | K65: sparse | L65: Clust pair thresh = 750MeV, clust read thresh = 500MeV | O65: =if(K65="low","140MeV","750MeV") -> 750MeV | P65: =if(K65="low","140MeV","650MeV") -> 650MeV | Q65: =if($I65="LH2",$Q64+$F65,$Q64+0) -> 447.01 | R65: =if($I65="LD2",$R64+$F65,$R64+0) -> 398.39 | S65: =if($I65="dummy",$S64+$F65,$S64+0) -> 74.72
A66: 45226 | B66: 2276 | C66: production | D66: 28.417 | E66: 7.63 | F66: 11 | G66: 1832529 | H66: 24.9 | I66: LD2 | J66: ps6=0 | K66: sparse | L66: Clust pair thresh = 750MeV, clust read thresh = 500MeV | O66: =if(K66="low","140MeV","750MeV") -> 750MeV | P66: =if(K66="low","140MeV","650MeV") -> 650MeV | Q66: =if($I66="LH2",$Q65+$F66,$Q65+0) -> 447.01 | R66: =if($I66="LD2",$R65+$F66,$R65+0) -> 409.39 | S66: =if($I66="dummy",$S65+$F66,$S65+0) -> 74.72
B67: 2277 | C67: production | D67: 28.417 | E67: 3.97 | F67: 6.93 | G67: 679803 | H67: 30.06 | I67: LD2 | J67: ps6=0 | K67: sparse | L67: Clust pair thresh = 750MeV, clust read thresh = 500MeV | O67: =if(K67="low","140MeV","750MeV") -> 750MeV | P67: =if(K67="low","140MeV","650MeV") -> 650MeV | Q67: =if($I67="LH2",$Q66+$F67,$Q66+0) -> 447.01 | R67: =if($I67="LD2",$R66+$F67,$R66+0) -> 416.32 | S67: =if($I67="dummy",$S66+$F67,$S66+0) -> 74.72
B68: 2278 | C68: junk | D68: 28.417 | F68: 0 | H68: 0 | I68: LD2 | J68: ps3=2 | K68: sparse | L68: no end of run coda log | O68: =if(K68="low","140MeV","750MeV") -> 750MeV | P68: =if(K68="low","140MeV","650MeV") -> 650MeV | Q68: =if($I68="LH2",$Q67+$F68,$Q67+0) -> 447.01 | R68: =if($I68="LD2",$R67+$F68,$R67+0) -> 416.32 | S68: =if($I68="dummy",$S67+$F68,$S67+0) -> 74.72
B69: 2279 | C69: efficiency | D69: 28.417 | E69: 10.86 | F69: 6.62 | G69: 1513029 | H69: 21.89 | I69: LD2 | J69: ps3=2 | K69: sparse | L69: Clust pair thresh = 750MeV, clust read thresh = 500MeV | O69: =if(K69="low","140MeV","750MeV") -> 750MeV | P69: =if(K69="low","140MeV","650MeV") -> 650MeV | Q69: =if($I69="LH2",$Q68+$F69,$Q68+0) -> 447.01 | R69: =if($I69="LD2",$R68+$F69,$R68+0) -> 422.94 | S69: =if($I69="dummy",$S68+$F69,$S68+0) -> 74.72
B70: 2280 | C70: junk | D70: 28.417 | F70: 0 | H70: 0 | I70: LD2 | J70: ps6=0 | K70: sparse | L70: no end of run coda log | O70: =if(K70="low","140MeV","750MeV") -> 750MeV | P70: =if(K70="low","140MeV","650MeV") -> 650MeV | Q70: =if($I70="LH2",$Q69+$F70,$Q69+0) -> 447.01 | R70: =if($I70="LD2",$R69+$F70,$R69+0) -> 422.94 | S70: =if($I70="dummy",$S69+$F70,$S69+0) -> 74.72
B71: 2281 | C71: production | D71: 28.417 | E71: 3.89 | F71: 3.83 | G71: 407925 | H71: 24.63 | I71: LD2 | J71: ps6=0 | K71: sparse | L71: Clust pair thresh = 750MeV, clust read thresh = 500MeV | O71: =if(K71="low","140MeV","750MeV") -> 750MeV | P71: =if(K71="low","140MeV","650MeV") -> 650MeV | Q71: =if($I71="LH2",$Q70+$F71,$Q70+0) -> 447.01 | R71: =if($I71="LD2",$R70+$F71,$R70+0) -> 426.77 | S71: =if($I71="dummy",$S70+$F71,$S70+0) -> 74.72
B72: 2282 | C72: junk | D72: 28.417 | F72: 0 | H72: 0 | I72: LD2 | J72: ps6=0 | K72: sparse | L72: no end of run coda log | O72: =if(K72="low","140MeV","750MeV") -> 750MeV | P72: =if(K72="low","140MeV","650MeV") -> 650MeV | Q72: =if($I72="LH2",$Q71+$F72,$Q71+0) -> 447.01 | R72: =if($I72="LD2",$R71+$F72,$R71+0) -> 426.77 | S72: =if($I72="dummy",$S71+$F72,$S71+0) -> 74.72
B73: 2283 | C73: production | D73: 28.417 | E73: 11.09 | F73: 8.19 | G73: 1816652 | H73: 13.66 | I73: LD2 | J73: ps6=3 | K73: off | L73: Sparse Off, Clust pair thresh = 750MeV, clust read thresh = 500MeV | O73: =if(K73="low","140MeV","750MeV") -> 750MeV | P73: =if(K73="low","140MeV","650MeV") -> 650MeV | Q73: =if($I73="LH2",$Q72+$F73,$Q72+0) -> 447.01 | R73: =if($I73="LD2",$R72+$F73,$R72+0) -> 434.96 | S73: =if($I73="dummy",$S72+$F73,$S72+0) -> 74.72
B74: 2284 | C74: production | D74: 28.417 | E74: 3.94 | F74: 5.7 | G74: 850119 | H74: 25.54 | I74: LD2 | J74: ps6=0 | K74: low | L74: Clust pair thresh = 140MeV, clust read thresh = 140MeV | O74: =if(K74="low","140MeV","750MeV") -> 140MeV | P74: =if(K74="low","140MeV","650MeV") -> 140MeV | Q74: =if($I74="LH2",$Q73+$F74,$Q73+0) -> 447.01 | R74: =if($I74="LD2",$R73+$F74,$R73+0) -> 440.66 | S74: =if($I74="dummy",$S73+$F74,$S73+0) -> 74.72
B75: 2285 | C75: production | D75: 28.417 | E75: 26.45 | F75: 47.75 | G75: 3736535 | H75: 33.32 | I75: dummy | J75: ps6=0 | K75: sparse | L75: Clust pair thresh = 750MeV, clust read thresh = 500MeV | O75: =if(K75="low","140MeV","750MeV") -> 750MeV | P75: =if(K75="low","140MeV","650MeV") -> 650MeV | Q75: =if($I75="LH2",$Q74+$F75,$Q74+0) -> 447.01 | R75: =if($I75="LD2",$R74+$F75,$R74+0) -> 440.66 | S75: =if($I75="dummy",$S74+$F75,$S74+0) -> 122.47
B76: 2286 | C76: production | D76: 28.417 | E76: 13.65 | F76: 24.33 | G76: 1097022 | H76: 33 | I76: dummy | J76: ps6=0 | K76: sparse | L76: Clust pair thresh = 750MeV, clust read thresh = 500MeV | O76: =if(K76="low","140MeV","750MeV") -> 750MeV | P76: =if(K76="low","140MeV","650MeV") -> 650MeV | Q76: =if($I76="LH2",$Q75+$F76,$Q75+0) -> 447.01 | R76: =if($I76="LD2",$R75+$F76,$R75+0) -> 440.66 | S76: =if($I76="dummy",$S75+$F76,$S75+0) -> 146.8
B77: 2287 | C77: production | D77: 28.417 | E77: 13.51 | F77: 22.02 | G77: 968667 | H77: 32.43 | I77: dummy | J77: ps6=0 | K77: low | L77: Clust pair thresh = 140MeV, clust read thresh = 140MeV | O77: =if(K77="low","140MeV","750MeV") -> 140MeV | P77: =if(K77="low","140MeV","650MeV") -> 140MeV | Q77: =if($I77="LH2",$Q76+$F77,$Q76+0) -> 447.01 | R77: =if($I77="LD2",$R76+$F77,$R76+0) -> 440.66 | S77: =if($I77="dummy",$S76+$F77,$S76+0) -> 168.82
B78: 2288 | C78: production | D78: 28.417 | E78: 26.66 | F78: 38.83 | G78: 2369354 | H78: 26.32 | I78: dummy | J78: ps6=0 | K78: low | L78: Clust pair thresh = 140MeV, clust read thresh = 140MeV | O78: =if(K78="low","140MeV","750MeV") -> 140MeV | P78: =if(K78="low","140MeV","650MeV") -> 140MeV | Q78: =if($I78="LH2",$Q77+$F78,$Q77+0) -> 447.01 | R78: =if($I78="LD2",$R77+$F78,$R77+0) -> 440.66 | S78: =if($I78="dummy",$S77+$F78,$S77+0) -> 207.65
B79: 2289 | C79: production | D79: 28.417 | E79: 21.96 | F79: 77.13 | G79: 5191341 | H79: 73.99 | I79: LH2 | J79: ps6=0 | K79: sparse | L79: Clust pair thresh = 750MeV, clust read thresh = 500MeV | O79: =if(K79="low","140MeV","750MeV") -> 750MeV | P79: =if(K79="low","140MeV","650MeV") -> 650MeV | Q79: =if($I79="LH2",$Q78+$F79,$Q78+0) -> 524.14 | R79: =if($I79="LD2",$R78+$F79,$R78+0) -> 440.66 | S79: =if($I79="dummy",$S78+$F79,$S78+0) -> 207.65
B80: 2290 | C80: production | D80: 28.417 | E80: 18.3 | F80: 20.59 | G80: 1184689 | H80: 20.06 | I80: LH2 | J80: ps6=0 | K80: sparse | L80: Clust pair thresh = 750MeV, clust read thresh = 500MeV | O80: =if(K80="low","140MeV","750MeV") -> 750MeV | P80: =if(K80="low","140MeV","650MeV") -> 650MeV | Q80: =if($I80="LH2",$Q79+$F80,$Q79+0) -> 544.73 | R80: =if($I80="LD2",$R79+$F80,$R79+0) -> 440.66 | S80: =if($I80="dummy",$S79+$F80,$S79+0) -> 207.65
B81: 2291 | C81: production | D81: 28.417 | E81: 9.32 | F81: 8.41 | G81: 312040 | H81: 19.48 | I81: LH2 | J81: ps6=0 | K81: sparse | L81: Clust pair thresh = 750MeV, clust read thresh = 500MeV | O81: =if(K81="low","140MeV","750MeV") -> 750MeV | P81: =if(K81="low","140MeV","650MeV") -> 650MeV | Q81: =if($I81="LH2",$Q80+$F81,$Q80+0) -> 553.14 | R81: =if($I81="LD2",$R80+$F81,$R80+0) -> 440.66 | S81: =if($I81="dummy",$S80+$F81,$S80+0) -> 207.65
B82: 2292 | C82: efficiency | D82: 28.417 | E82: 22.92 | F82: 33.42 | G82: 2276354 | H82: 27.59 | I82: LH2 | J82: ps3=1 | K82: sparse | L82: Clust pair thresh = 750MeV, clust read thresh = 500MeV | O82: =if(K82="low","140MeV","750MeV") -> 750MeV | P82: =if(K82="low","140MeV","650MeV") -> 650MeV | Q82: =if($I82="LH2",$Q81+$F82,$Q81+0) -> 586.56 | R82: =if($I82="LD2",$R81+$F82,$R81+0) -> 440.66 | S82: =if($I82="dummy",$S81+$F82,$S81+0) -> 207.65
B83: 2293 | C83: production | D83: 28.417 | E83: 23.02 | F83: 63.81 | G83: 4253182 | H83: 47.93 | I83: LH2 | J83: ps6=0 | K83: sparse | L83: Clust pair thresh = 750MeV, clust read thresh = 500MeV | O83: =if(K83="low","140MeV","750MeV") -> 750MeV | P83: =if(K83="low","140MeV","650MeV") -> 650MeV | Q83: =if($I83="LH2",$Q82+$F83,$Q82+0) -> 650.37 | R83: =if($I83="LD2",$R82+$F83,$R82+0) -> 440.66 | S83: =if($I83="dummy",$S82+$F83,$S82+0) -> 207.65
B84: 2294 | C84: junk | D84: 28.417 | E84: 23.71 | F84: 0 | G84: 40286 | H84: 0 | I84: LH2 | J84: ps6=0 | K84: off | L84: Clust pair thresh = 750MeV, clust read thresh = 500MeV | O84: =if(K84="low","140MeV","750MeV") -> 750MeV | P84: =if(K84="low","140MeV","650MeV") -> 650MeV | Q84: =if($I84="LH2",$Q83+$F84,$Q83+0) -> 650.37 | R84: =if($I84="LD2",$R83+$F84,$R83+0) -> 440.66 | S84: =if($I84="dummy",$S83+$F84,$S83+0) -> 207.65
... B102: 2312 | C102: production | D102: 30.69 | E102: 14.18 | F102: 8.25 | G102: 220337 | H102: 11.91 | I102: dummy | J102: ps6=0 | K102: sparse | L102: Clust pair thresh = 750MeV, clust read thresh = 500MeV | O102: =if(K102="low","140MeV","750MeV") -> 750MeV | P102: =if(K102="low","140MeV","650MeV") -> 650MeV | Q102: =if($I102="LH2",$Q101+$F102,$Q101+0) -> 666.16 | R102: =if($I102="LD2",$R101+$F102,$R101+0) -> 630.39 | S102: =if($I102="dummy",$S101+$F102,$S101+0) -> 232.43
A103: 45227 | B103: 2313 | C103: production | D103: 30.69 | E103: 22.24 | F103: 69.4 | G103: 286146 | H103: 59.4 | I103: LH2 | J103: ps6=0 | K103: sparse | L103: Clust pair thresh = 750MeV, clust read thresh = 500MeV | O103: =if(K103="low","140MeV","750MeV") -> 750MeV | P103: =if(K103="low","140MeV","650MeV") -> 650MeV | Q103: =if($I103="LH2",$Q102+$F103,$Q102+0) -> 735.56 | R103: =if($I103="LD2",$R102+$F103,$R102+0) -> 630.39 | S103: =if($I103="dummy",$S102+$F103,$S102+0) -> 232.43
B104: 2314 | C104: production | D104: 30.69 | E104: 22.52 | F104: 83.95 | G104: 3444409 | H104: 68.62 | I104: LH2 | J104: ps6=0 | K104: sparse | L104: Clust pair thresh = 750MeV, clust read thresh = 500MeV | O104: =if(K104="low","140MeV","750MeV") -> 750MeV | P104: =if(K104="low","140MeV","650MeV") -> 650MeV | Q104: =if($I104="LH2",$Q103+$F104,$Q103+0) -> 819.51 | R104: =if($I104="LD2",$R103+$F104,$R103+0) -> 630.39 | S104: =if($I104="dummy",$S103+$F104,$S103+0) -> 232.43
B105: 2315 | C105: production | D105: 30.69 | E105: 17.68 | F105: 16.27 | G105: 561593 | H105: 19.43 | I105: LH2 | J105: ps6=0 | K105: sparse | L105: Clust pair thresh = 750MeV, clust read thresh = 500MeV | O105: =if(K105="low","140MeV","750MeV") -> 750MeV | P105: =if(K105="low","140MeV","650MeV") -> 650MeV | Q105: =if($I105="LH2",$Q104+$F105,$Q104+0) -> 835.78 | R105: =if($I105="LD2",$R104+$F105,$R104+0) -> 630.39 | S105: =if($I105="dummy",$S104+$F105,$S104+0) -> 232.43
B106: 2316 | C106: production | D106: 30.69 | E106: 9.57 | F106: 12.67 | G106: 289975 | H106: 22.79 | I106: LH2 | J106: ps6=0 | K106: sparse | L106: Clust pair thresh = 750MeV, clust read thresh = 500MeV | O106: =if(K106="low","140MeV","750MeV") -> 750MeV | P106: =if(K106="low","140MeV","650MeV") -> 650MeV | Q106: =if($I106="LH2",$Q105+$F106,$Q105+0) -> 848.45 | R106: =if($I106="LD2",$R105+$F106,$R105+0) -> 630.39 | S106: =if($I106="dummy",$S105+$F106,$S105+0) -> 232.43
B107: 2317 | C107: production | D107: 30.69 | E107: 22.34 | F107: 22.09 | G107: 915639 | H107: 18.79 | I107: LH2 | J107: ps6=-1,ps3=1 | K107: sparse | L107: Clust pair thresh = 750MeV, clust read thresh = 500MeV | O107: =if(K107="low","140MeV","750MeV") -> 750MeV | P107: =if(K107="low","140MeV","650MeV") -> 650MeV | Q107: =if($I107="LH2",$Q106+$F107,$Q106+0) -> 870.54 | R107: =if($I107="LD2",$R106+$F107,$R106+0) -> 630.39 | S107: =if($I107="dummy",$S106+$F107,$S106+0) -> 232.43
B108: 2318 | C108: production | D108: 30.69 | E108: 9.46 | F108: 10.81 | G108: 678817 | H108: 21.22 | I108: LH2 | J108: ps6=0 | K108: low | L108: no end of run coda log | O108: =if(K108="low","140MeV","750MeV") -> 140MeV | P108: =if(K108="low","140MeV","650MeV") -> 140MeV | Q108: =if($I108="LH2",$Q107+$F108,$Q107+0) -> 881.35 | R108: =if($I108="LD2",$R107+$F108,$R107+0) -> 630.39 | S108: =if($I108="dummy",$S107+$F108,$S107+0) -> 232.43
B109: 2319 | C109: production | D109: 30.69 | E109: 22.68 | F109: 13.53 | G109: 564389 | H109: 10.61 | I109: LH2 | J109: ps6=3 | K109: off | L109: Clust pair thresh = 750MeV, clust read thresh = 500MeV | O109: =if(K109="low","140MeV","750MeV") -> 750MeV | P109: =if(K109="low","140MeV","650MeV") -> 650MeV | Q109: =if($I109="LH2",$Q108+$F109,$Q108+0) -> 894.88 | R109: =if($I109="LD2",$R108+$F109,$R108+0) -> 630.39 | S109: =if($I109="dummy",$S108+$F109,$S108+0) -> 232.43
B110: 2320 | C110: production | D110: 30.69 | E110: 11.01 | F110: 29.52 | G110: 4217560 | H110: 58.88 | I110: LD2 | J110: ps6=0 | K110: sparse | L110: Clust pair thresh = 750MeV, clust read thresh = 500MeV | O110: =if(K110="low","140MeV","750MeV") -> 750MeV | P110: =if(K110="low","140MeV","650MeV") -> 650MeV | Q110: =if($I110="LH2",$Q109+$F110,$Q109+0) -> 894.88 | R110: =if($I110="LD2",$R109+$F110,$R109+0) -> 659.91 | S110: =if($I110="dummy",$S109+$F110,$S109+0) -> 232.43
B111: 2321 | C111: production | D111: 30.69 | E111: 11.08 | F111: 32.64 | G111: 4641686 | H111: 57.62 | I111: LD2 | J111: ps6=0 | K111: sparse | L111: Clust pair thresh = 750MeV, clust read thresh = 500MeV | O111: =if(K111="low","140MeV","750MeV") -> 750MeV | P111: =if(K111="low","140MeV","650MeV") -> 650MeV | Q111: =if($I111="LH2",$Q110+$F111,$Q110+0) -> 894.88 | R111: =if($I111="LD2",$R110+$F111,$R110+0) -> 692.55 | S111: =if($I111="dummy",$S110+$F111,$S110+0) -> 232.43
B112: 2322 | C112: production | D112: 30.69 | E112: 22.52 | F112: 73.66 | G112: 3019051 | H112: 60.3 | I112: LH2 | J112: ps6=0 | K112: sparse | L112: Clust pair thresh = 750MeV, clust read thresh = 500MeV | O112: =if(K112="low","140MeV","750MeV") -> 750MeV | P112: =if(K112="low","140MeV","650MeV") -> 650MeV | Q112: =if($I112="LH2",$Q111+$F112,$Q111+0) -> 968.54 | R112: =if($I112="LD2",$R111+$F112,$R111+0) -> 692.55 | S112: =if($I112="dummy",$S111+$F112,$S111+0) -> 232.43
B113: 2323 | C113: production | D113: 30.69 | E113: 23.21 | F113: 69.68 | G113: 2878812 | H113: 58.5 | I113: LH2 | J113: ps6=0 | K113: sparse | L113: Clust pair thresh = 750MeV, clust read thresh = 500MeV | O113: =if(K113="low","140MeV","750MeV") -> 750MeV | P113: =if(K113="low","140MeV","650MeV") -> 650MeV | Q113: =if($I113="LH2",$Q112+$F113,$Q112+0) -> 1038.22 | R113: =if($I113="LD2",$R112+$F113,$R112+0) -> 692.55 | S113: =if($I113="dummy",$S112+$F113,$S112+0) -> 232.43
A114: SP-2024 | B114: 2324 | C114: production | D114: 30.69 | E114: 22.92 | F114: 72.94 | G114: 3012985 | H114: 57.69 | I114: LH2 | J114: ps6=0 | K114: sparse | L114: Clust pair thresh = 750MeV, clust read thresh = 500MeV | O114: =if(K114="low","140MeV","750MeV") -> 750MeV | P114: =if(K114="low","140MeV","650MeV") -> 650MeV | Q114: =if($I114="LH2",$Q113+$F114,$Q113+0) -> 1111.16 | R114: =if($I114="LD2",$R113+$F114,$R113+0) -> 692.55 | S114: =if($I114="dummy",$S113+$F114,$S113+0) -> 232.43 | T114: NEW LH2 | U114: NEW LD2 | V114: NEW Dummy
A115: 45311 | B115: 3728 | C115: production | D115: 28.497 | E115: 30 | F115: 47.21 | G115: 7940883 | H115: 63 | I115: LH2 | J115: ps6=0 | K115: sparse | L115: 1st production run of 2024 | O115: =if(K115="low","140MeV","750MeV") -> 750MeV | P115: =if(K115="low","140MeV","650MeV") -> 650MeV | Q115: =if($I115="LH2",$Q114+$F115,$Q114+0) -> 1158.37 | R115: =if($I115="LD2",$R114+$F115,$R114+0) -> 692.55 | S115: =if($I115="dummy",$S114+$F115,$S114+0) -> 232.43 | T115: =MAX(Q:Q-Q114) -> 47.21 | U115: =MAX(R:R-R114) -> 0 | V115: =MAX(S:S-S114) -> 0
B116: 3729 | C116: production | D116: 28.497 | E116: 30 | F116: 4.69 | G116: 7170965 | H116: 60 | I116: LH2 | J116: ps6=0 | K116: sparse | L116: Charge and time not reporting correclty in the end of run log | O116: =if(K116="low","140MeV","750MeV") -> 750MeV | P116: =if(K116="low","140MeV","650MeV") -> 650MeV | Q116: =if($I116="LH2",$Q115+$F116,$Q115+0) -> 1163.06 | R116: =if($I116="LD2",$R115+$F116,$R115+0) -> 692.55 | S116: =if($I116="dummy",$S115+$F116,$S115+0) -> 232.43 | T116: =if($I116="LH2",$T115+$F116,$T115+0) -> 51.9 | U116: =if($I116="LD2",$U115+$F116,$U115+0) -> 0 | V116: =if($I116="dummy",$V115+$F116,$V115+0) -> 0
B117: 3730 | C117: test | D117: 28.497 | F117: 0 | H117: 0 | I117: LH2 | J117: ps6=0 | K117: off | L117: Pedestal run | O117: =if(K117="low","140MeV","750MeV") -> 750MeV | P117: =if(K117="low","140MeV","650MeV") -> 650MeV | Q117: =if($I117="LH2",$Q116+$F117,$Q116+0) -> 1163.06 | R117: =if($I117="LD2",$R116+$F117,$R116+0) -> 692.55 | S117: =if($I117="dummy",$S116+$F117,$S116+0) -> 232.43 | T117: =if($I117="LH2",$T116+$F117,$T116+0) -> 51.9 | U117: =if($I117="LD2",$U116+$F117,$U116+0) -> 0 | V117: =if($I117="dummy",$V116+$F117,$V116+0) -> 0
B118: 3731 | C118: production | D118: 28.497 | E118: 30 | F118: 94.07 | G118: 8076860 | H118: 56.9 | I118: LH2 | J118: ps6=0 | K118: sparse | L118: end of run log working again | O118: =if(K118="low","140MeV","750MeV") -> 750MeV | P118: =if(K118="low","140MeV","650MeV") -> 650MeV | Q118: =if($I118="LH2",$Q117+$F118,$Q117+0) -> 1257.13 | R118: =if($I118="LD2",$R117+$F118,$R117+0) -> 692.55 | S118: =if($I118="dummy",$S117+$F118,$S117+0) -> 232.43 | T118: =if($I118="LH2",$T117+$F118,$T117+0) -> 145.97 | U118: =if($I118="LD2",$U117+$F118,$U117+0) -> 0 | V118: =if($I118="dummy",$V117+$F118,$V117+0) -> 0
B119: 3732 | C119: production | D119: 28.497 | E119: 15 | F119: 15.6 | G119: 902364 | H119: 20.49 | I119: LH2 | J119: ps6=0 | K119: sparse | O119: =if(K119="low","140MeV","750MeV") -> 750MeV | P119: =if(K119="low","140MeV","650MeV") -> 650MeV | Q119: =if($I119="LH2",$Q118+$F119,$Q118+0) -> 1272.73 | R119: =if($I119="LD2",$R118+$F119,$R118+0) -> 692.55 | S119: =if($I119="dummy",$S118+$F119,$S118+0) -> 232.43 | T119: =if($I119="LH2",$T118+$F119,$T118+0) -> 161.57 | U119: =if($I119="LD2",$U118+$F119,$U118+0) -> 0 | V119: =if($I119="dummy",$V118+$F119,$V118+0) -> 0
B120: 3733 | C120: production | D120: 28.497 | E120: 8 | F120: 17.24 | G120: 685750 | H120: 44.25 | I120: LH2 | J120: ps6=0 | K120: sparse | O120: =if(K120="low","140MeV","750MeV") -> 750MeV | P120: =if(K120="low","140MeV","650MeV") -> 650MeV | Q120: =if($I120="LH2",$Q119+$F120,$Q119+0) -> 1289.97 | R120: =if($I120="LD2",$R119+$F120,$R119+0) -> 692.55 | S120: =if($I120="dummy",$S119+$F120,$S119+0) -> 232.43 | T120: =if($I120="LH2",$T119+$F120,$T119+0) -> 178.81 | U120: =if($I120="LD2",$U119+$F120,$U119+0) -> 0 | V120: =if($I120="dummy",$V119+$F120,$V119+0) -> 0
B121: 3734 | C121: efficiency | D121: 28.497 | E121: 15 | F121: 33.45 | G121: 1957506 | H121: 38.69 | I121: LH2 | J121: ps4=0 | K121: sparse | O121: =if(K121="low","140MeV","750MeV") -> 750MeV | P121: =if(K121="low","140MeV","650MeV") -> 650MeV | Q121: =if($I121="LH2",$Q120+$F121,$Q120+0) -> 1323.42 | R121: =if($I121="LD2",$R120+$F121,$R120+0) -> 692.55 | S121: =if($I121="dummy",$S120+$F121,$S120+0) -> 232.43 | T121: =if($I121="LH2",$T120+$F121,$T120+0) -> 212.26 | U121: =if($I121="LD2",$U120+$F121,$U120+0) -> 0 | V121: =if($I121="dummy",$V120+$F121,$V120+0) -> 0
B122: 3735 | C122: junk | D122: 28.497 | E122: 30 | F122: 0 | G122: 0 | H122: 0 | I122: LH2 | J122: ps6=0 | K122: off | O122: =if(K122="low","140MeV","750MeV") -> 750MeV | P122: =if(K122="low","140MeV","650MeV") -> 650MeV | Q122: =if($I122="LH2",$Q121+$F122,$Q121+0) -> 1323.42 | R122: =if($I122="LD2",$R121+$F122,$R121+0) -> 692.55 | S122: =if($I122="dummy",$S121+$F122,$S121+0) -> 232.43 | T122: =if($I122="LH2",$T121+$F122,$T121+0) -> 212.26 | U122: =if($I122="LD2",$U121+$F122,$U121+0) -> 0 | V122: =if($I122="dummy",$V121+$F122,$V121+0) -> 0
B123: 3736 | C123: junk | D123: 28.497 | E123: 30 | F123: 0 | G123: 0 | H123: 0 | I123: LH2 | J123: ps6=1 | K123: off | O123: =if(K123="low","140MeV","750MeV") -> 750MeV | P123: =if(K123="low","140MeV","650MeV") -> 650MeV | Q123: =if($I123="LH2",$Q122+$F123,$Q122+0) -> 1323.42 | R123: =if($I123="LD2",$R122+$F123,$R122+0) -> 692.55 | S123: =if($I123="dummy",$S122+$F123,$S122+0) -> 232.43 | T123: =if($I123="LH2",$T122+$F123,$T122+0) -> 212.26 | U123: =if($I123="LD2",$U122+$F123,$U122+0) -> 0 | V123: =if($I123="dummy",$V122+$F123,$V122+0) -> 0
B124: 3737 | C124: production | D124: 28.497 | E124: 30 | F124: 0 | G124: 2840553 | H124: 17.45 | I124: LH2 | J124: ps6=1 | K124: off | L124: no end of run coda file | O124: =if(K124="low","140MeV","750MeV") -> 750MeV | P124: =if(K124="low","140MeV","650MeV") -> 650MeV | Q124: =if($I124="LH2",$Q123+$F124,$Q123+0) -> 1323.42 | R124: =if($I124="LD2",$R123+$F124,$R123+0) -> 692.55 | S124: =if($I124="dummy",$S123+$F124,$S123+0) -> 232.43 | T124: =if($I124="LH2",$T123+$F124,$T123+0) -> 212.26 | U124: =if($I124="LD2",$U123+$F124,$U123+0) -> 0 | V124: =if($I124="dummy",$V123+$F124,$V123+0) -> 0
...

Sheet Kin_x36_3
A1: KinC_x36_3 | F1: HMS mom | G1: HMS angle | H1: SHMS angle | I1: calo angle | L1: calo distance | N1: Required Charge Total (Coulomb)
A2: sweeper screen | B2: https://logbooks.jlab.org/entry/4202894 | F2: -6.117 GeV | G2: 12.373 | H2: 32.261 | I2: 15.961 | L2: 3 m | N2: ='Totals % Goal'!F6 -> 0.6
O3: accumulated charge (mC)
A4: day | B4: run# | C4: Type | D4: SHMS angle | E4: Ibeam (uA) | F4: charge (mC) | G4: Ts6 event # | H4: duration (min) | I4: target | J4: prescale | K4: CODA config | O4: LH2 | P4: LD2 | Q4: Dummy
A5: 45217 | B5: 1960 | C5: junk | D5: 32.261 | E5: 9.85 | F5: 0 | G5: 2842 | H5: 1.11 | I5: Carbon Hole | J5: ps4=0 | O5: =if($I5="LH2",0+$F5,0) -> 0 | P5: =if($I5="LD2",0+$F5,0) -> 0 | Q5: =if($I5="dummy",0+$F5,0) -> 0
B6: 1961 | C6: carbon hole | D6: 32.261 | E6: 9.47 | F6: 6.93 | G6: 35042 | H6: 14.22 | I6: Carbon Hole | J6: ps4=0 | O6: =if($I6="LH2",$O5+$F6,$O5+0) -> 0 | P6: =if($I6="LD2",$P5+$F6,$P5+0) -> 0 | Q6: =if($I6="dummy",$Q5+$F6,$Q5+0) -> 0
B7: 1962 | C7: Optics | D7: 32.261 | E7: 28.42 | F7: 27.19 | G7: 79843 | H7: 31.55 | I7: Carbon 0.5% | J7: ps4=0 | O7: =if($I7="LH2",$O6+$F7,$O6+0) -> 0 | P7: =if($I7="LD2",$P6+$F7,$P6+0) -> 0 | Q7: =if($I7="dummy",$Q6+$F7,$Q6+0) -> 0
A8: 45218 | B8: 1963 | C8: Optics | D8: 32.261 | E8: 23.78 | F8: 0.52 | G8: 69913 | H8: 28.67 | I8: Carbon 0.5% | J8: ps4=0 | O8: =if($I8="LH2",$O7+$F8,$O7+0) -> 0 | P8: =if($I8="LD2",$P7+$F8,$P7+0) -> 0 | Q8: =if($I8="dummy",$Q7+$F8,$Q7+0) -> 0
B9: 1964 | C9: Optics | D9: 32.261 | E9: 27.23 | F9: 39.99 | G9: 67369 | H9: 25.95 | I9: Carbon 0.5% | J9: ps4=0 | O9: =if($I9="LH2",$O8+$F9,$O8+0) -> 0 | P9: =if($I9="LD2",$P8+$F9,$P8+0) -> 0 | Q9: =if($I9="dummy",$Q8+$F9,$Q8+0) -> 0
B10: 1965 | C10: Optics | D10: 32.261 | E10: 25.5 | F10: 38.17 | G10: 102809 | H10: 41.63 | I10: Carbon +/- 8cm | J10: ps4=0 | O10: =if($I10="LH2",$O9+$F10,$O9+0) -> 0 | P10: =if($I10="LD2",$P9+$F10,$P9+0) -> 0 | Q10: =if($I10="dummy",$Q9+$F10,$Q9+0) -> 0
B11: 1966 | C11: Optics | D11: 32.261 | E11: 26.45 | F11: 55.87 | G11: 96375 | H11: 38.38 | I11: Carbon +/- 8cm | J11: ps4=0 | O11: =if($I11="LH2",$O10+$F11,$O10+0) -> 0 | P11: =if($I11="LD2",$P10+$F11,$P10+0) -> 0 | Q11: =if($I11="dummy",$Q10+$F11,$Q10+0) -> 0
B12: 1967 | C12: Optics | D12: 32.261 | E12: 26.48 | F12: 63.51 | G12: 130380 | H12: 52.46 | I12: Carbon +/- 8cm | J12: ps4=0 | O12: =if($I12="LH2",$O11+$F12,$O11+0) -> 0 | P12: =if($I12="LD2",$P11+$F12,$P11+0) -> 0 | Q12: =if($I12="dummy",$Q11+$F12,$Q11+0) -> 0
B13: 1968 | C13: junk | D13: 32.261 | O13: =if($I13="LH2",$O12+$F13,$O12+0) -> 0 | P13: =if($I13="LD2",$P12+$F13,$P12+0) -> 0 | Q13: =if($I13="dummy",$Q12+$F13,$Q12+0) -> 0
A14: 45220 | B14: 2020 | C14: junk | D14: 32.261 | E14: 14.36 | F14: 0 | G14: 1031975 | H14: 2.09 | I14: LD2 | J14: ps6=0 | L14: Clust pair thresh = 750MeV, clust read thresh = 400MeV | O14: =if($I14="LH2",$O13+$F14,$O13+0) -> 0 | P14: =if($I14="LD2",$P13+$F14,$P13+0) -> 0 | Q14: =if($I14="dummy",$Q13+$F14,$Q13+0) -> 0
B15: 2021 | C15: junk | D15: 32.261 | E15: 14.34 | F15: 0 | G15: 189161 | H15: 0 | I15: LD2 | J15: ps6=1 | L15: Clust pair thresh = 750MeV, clust read thresh = 400MeV | O15: =if($I15="LH2",$O14+$F15,$O14+0) -> 0 | P15: =if($I15="LD2",$P14+$F15,$P14+0) -> 0 | Q15: =if($I15="dummy",$Q14+$F15,$Q14+0) -> 0
B16: 2022 | C16: junk | D16: 32.261 | E16: 14.19 | F16: 0 | G16: 386201 | H16: 0 | I16: LD2 | J16: ps6=2 | L16: Clust pair thresh = 750MeV, clust read thresh = 400MeV | O16: =if($I16="LH2",$O15+$F16,$O15+0) -> 0 | P16: =if($I16="LD2",$P15+$F16,$P15+0) -> 0 | Q16: =if($I16="dummy",$Q15+$F16,$Q15+0) -> 0
B17: 2023 | C17: production | D17: 32.261 | E17: 13.84 | F17: 31.98 | G17: 17823894 | H17: 43.46 | I17: LD2 | J17: ps6=3 | L17: Clust pair thresh = 750MeV, clust read thresh = 400MeV | O17: =if($I17="LH2",$O16+$F17,$O16+0) -> 0 | P17: =if($I17="LD2",$P16+$F17,$P16+0) -> 31.98 | Q17: =if($I17="dummy",$Q16+$F17,$Q16+0) -> 0
B18: 2024 | C18: production | D18: 32.261 | E18: 13.89 | F18: 25.86 | G18: 14355477 | H18: 34.53 | I18: LD2 | J18: ps6=3 | L18: Clust pair thresh = 750MeV, clust read thresh = 400MeV | O18: =if($I18="LH2",$O17+$F18,$O17+0) -> 0 | P18: =if($I18="LD2",$P17+$F18,$P17+0) -> 57.84 | Q18: =if($I18="dummy",$Q17+$F18,$Q17+0) -> 0
B19: 2025 | C19: junk | D19: 32.261 | E19: 13.03 | F19: 0 | G19: 441176 | H19: 1.34 | I19: LD2 | J19: ps6=3 | L19: Clust pair thresh = 750MeV, clust read thresh = 400MeV | O19: =if($I19="LH2",$O18+$F19,$O18+0) -> 0 | P19: =if($I19="LD2",$P18+$F19,$P18+0) -> 57.84 | Q19: =if($I19="dummy",$Q18+$F19,$Q18+0) -> 0
B20: 2026 | C20: junk | D20: 32.261 | E20: 14.29 | F20: 0 | G20: 251596 | H20: 0 | I20: LD2 | J20: ps6=3 | L20: Clust pair thresh = 750MeV, clust read thresh = 400MeV | O20: =if($I20="LH2",$O19+$F20,$O19+0) -> 0 | P20: =if($I20="LD2",$P19+$F20,$P19+0) -> 57.84 | Q20: =if($I20="dummy",$Q19+$F20,$Q19+0) -> 0
B21: 2027 | C21: production | D21: 32.261 | E21: 18.67 | F21: 14.04 | G21: 10153188 | H21: 23.27 | I21: LD2 | J21: ps6=3 | L21: Clust pair thresh = 750MeV, clust read thresh = 400MeV | O21: =if($I21="LH2",$O20+$F21,$O20+0) -> 0 | P21: =if($I21="LD2",$P20+$F21,$P20+0) -> 71.88 | Q21: =if($I21="dummy",$Q20+$F21,$Q20+0) -> 0
B22: 2028 | C22: production | D22: 32.261 | E22: 13.95 | F22: 14.77 | G22: 8061429 | H22: 24.6 | I22: LD2 | J22: ps6=3 | L22: Clust pair thresh = 750MeV, clust read thresh = 400MeV | O22: =if($I22="LH2",$O21+$F22,$O21+0) -> 0 | P22: =if($I22="LD2",$P21+$F22,$P21+0) -> 86.65 | Q22: =if($I22="dummy",$Q21+$F22,$Q21+0) -> 0
B23: 2029 | C23: production | D23: 32.261 | E23: 13.92 | F23: 34.55 | G23: 18893077 | H23: 45.94 | I23: LD2 | J23: ps6=3 | L23: Clust pair thresh = 750MeV, clust read thresh = 400MeV | O23: =if($I23="LH2",$O22+$F23,$O22+0) -> 0 | P23: =if($I23="LD2",$P22+$F23,$P22+0) -> 121.2 | Q23: =if($I23="dummy",$Q22+$F23,$Q22+0) -> 0
B24: 2030 | C24: junk | D24: 32.261 | E24: 14.18 | F24: 0 | G24: 21827 | H24: 0 | I24: LD2 | J24: ps6=3 | L24: Clust pair thresh = 750MeV, clust read thresh = 400MeV | O24: =if($I24="LH2",$O23+$F24,$O23+0) -> 0 | P24: =if($I24="LD2",$P23+$F24,$P23+0) -> 121.2 | Q24: =if($I24="dummy",$Q23+$F24,$Q23+0) -> 0
B25: 2031 | C25: production | D25: 32.261 | E25: 14.05 | F25: 25.23 | G25: 17424356 | H25: 49.92 | I25: LD2 | J25: ps6=3 | L25: Clust pair thresh = 500MeV, clust read thresh = 400MeV | O25: =if($I25="LH2",$O24+$F25,$O24+0) -> 0 | P25: =if($I25="LD2",$P24+$F25,$P24+0) -> 146.43 | Q25: =if($I25="dummy",$Q24+$F25,$Q24+0) -> 0
B26: 2032 | C26: junk | D26: 32.261 | E26: 14.22 | F26: 0 | G26: 131382 | H26: 0 | I26: LD2 | J26: ps6=0 | L26: Clust pair thresh = 500MeV, clust read thresh = 400MeV | O26: =if($I26="LH2",$O25+$F26,$O25+0) -> 0 | P26: =if($I26="LD2",$P25+$F26,$P25+0) -> 146.43 | Q26: =if($I26="dummy",$Q25+$F26,$Q25+0) -> 0
... B39: 2045 | C39: production | D39: 32.261 | E39: 7.3 | F39: 8.98 | G39: 359391 | H39: 20.49 | I39: dummy | J39: ps6=0 | L39: Clust pair thresh = 500MeV, clust read thresh = 400MeV | O39: =if($I39="LH2",$O38+$F39,$O38+0) -> 0 | P39: =if($I39="LD2",$P38+$F39,$P38+0) -> 255.67 | Q39: =if($I39="dummy",$Q38+$F39,$Q38+0) -> 27.61
B40: 2046 | C40: production | D40: 32.261 | E40: 17.03 | F40: 21.58 | G40: 2208445 | H40: 25.09 | I40: LH2 | J40: ps6=0 | L40: Clust pair thresh = 750MeV, clust read thresh = 400MeV | O40: =if($I40="LH2",$O39+$F40,$O39+0) -> 21.58 | P40: =if($I40="LD2",$P39+$F40,$P39+0) -> 255.67 | Q40: =if($I40="dummy",$Q39+$F40,$Q39+0) -> 27.61 | R40: Note data pior to 2046 is suspect | T40: alternate count
B41: 2047 | C41: production | D41: 32.261 | E41: 13.44 | F41: 30.9 | G41: 2425837 | H41: 43.56 | I41: LH2 | J41: ps6=0 | L41: Clust pair thresh = 750MeV, clust read thresh = 400MeV | O41: =if($I41="LH2",$O40+$F41,$O40+0) -> 52.48 | P41: =if($I41="LD2",$P40+$F41,$P40+0) -> 255.67 | Q41: =if($I41="dummy",$Q40+$F41,$Q40+0) -> 27.61 | T41: =MAX(P:P)-255.67 -> 458.71 | U41: mC LD2
A42: 45221 | B42: 2048 | C42: production | D42: 32.261 | E42: 15 | F42: 0 | G42: 0 | H42: 59 | I42: LH2 | J42: ps6=0 | L42: End of run coda error | O42: =if($I42="LH2",$O41+$F42,$O41+0) -> 52.48 | P42: =if($I42="LD2",$P41+$F42,$P41+0) -> 255.67 | Q42: =if($I42="dummy",$Q41+$F42,$Q41+0) -> 27.61 | T42: =MAX(Q:Q)-Q39 -> 134.9 | U42: mC dummy
B43: 2049 | C43: junk | D43: 32.261 | E43: 10 | F43: 0 | G43: 0 | H43: 1 | I43: LH2 | J43: ps6=0 | L43: End of run coda error | O43: =if($I43="LH2",$O42+$F43,$O42+0) -> 52.48 | P43: =if($I43="LD2",$P42+$F43,$P42+0) -> 255.67 | Q43: =if($I43="dummy",$Q42+$F43,$Q42+0) -> 27.61
B44: 2050 | C44: junk | D44: 32.261 | E44: 10 | F44: 0 | G44: 0 | H44: 1 | I44: LH2 | J44: ps6=0 | L44: End of run coda error | O44: =if($I44="LH2",$O43+$F44,$O43+0) -> 52.48 | P44: =if($I44="LD2",$P43+$F44,$P43+0) -> 255.67 | Q44: =if($I44="dummy",$Q43+$F44,$Q43+0) -> 27.61
B45: 2051 | C45: production | D45: 32.261 | E45: 9.43 | F45: 13.53 | G45: 782693 | H45: 27.32 | I45: LH2 | J45: ps6=0 | L45: Clust pair thresh = 750MeV, clust read thresh = 400MeV | O45: =if($I45="LH2",$O44+$F45,$O44+0) -> 66.01 | P45: =if($I45="LD2",$P44+$F45,$P44+0) -> 255.67 | Q45: =if($I45="dummy",$Q44+$F45,$Q44+0) -> 27.61
B46: 2052 | C46: production | D46: 32.261 | E46: 4.87 | F46: 5.7 | G46: 261808 | H46: 34.06 | I46: LH2 | J46: ps6=0 | L46: Clust pair thresh = 750MeV, clust read thresh = 400MeV | O46: =if($I46="LH2",$O45+$F46,$O45+0) -> 71.71 | P46: =if($I46="LD2",$P45+$F46,$P45+0) -> 255.67 | Q46: =if($I46="dummy",$Q45+$F46,$Q45+0) -> 27.61
B47: 2053 | C47: junk | D47: 32.261 | E47: 28.13 | F47: 0 | G47: 148315 | H47: 0 | I47: LH2 | J47: ps3=1 | L47: Clust pair thresh = 750MeV, clust read thresh = 400MeV | O47: =if($I47="LH2",$O46+$F47,$O46+0) -> 71.71 | P47: =if($I47="LD2",$P46+$F47,$P46+0) -> 255.67 | Q47: =if($I47="dummy",$Q46+$F47,$Q46+0) -> 27.61
B48: 2054 | C48: junk | D48: 32.261 | E48: 25.03 | F48: 0 | G48: 855778 | H48: 4.55 | I48: LH2 | J48: ps3=2 | L48: Clust pair thresh = 750MeV, clust read thresh = 400MeV | O48: =if($I48="LH2",$O47+$F48,$O47+0) -> 71.71 | P48: =if($I48="LD2",$P47+$F48,$P47+0) -> 255.67 | Q48: =if($I48="dummy",$Q47+$F48,$Q47+0) -> 27.61
B49: 2055 | C49: junk | D49: 32.261 | E49: 28.73 | F49: 0 | G49: 165791 | H49: 0 | I49: LH2 | J49: ps3=3 | L49: Clust pair thresh = 750MeV, clust read thresh = 400MeV | O49: =if($I49="LH2",$O48+$F49,$O48+0) -> 71.71 | P49: =if($I49="LD2",$P48+$F49,$P48+0) -> 255.67 | Q49: =if($I49="dummy",$Q48+$F49,$Q48+0) -> 27.61
B50: 2056 | C50: junk | D50: 32.261 | E50: 28.34 | F50: 0 | G50: 137525 | H50: 0 | I50: LH2 | J50: ps3=4 | L50: Clust pair thresh = 750MeV, clust read thresh = 400MeV | O50: =if($I50="LH2",$O49+$F50,$O49+0) -> 71.71 | P50: =if($I50="LD2",$P49+$F50,$P49+0) -> 255.67 | Q50: =if($I50="dummy",$Q49+$F50,$Q49+0) -> 27.61
B51: 2057 | C51: efficiency | D51: 32.261 | E51: 27.73 | F51: 33.25 | G51: 5010074 | H51: 20.95 | I51: LH2 | J51: ps3=5 | L51: Clust pair thresh = 750MeV, clust read thresh = 400MeV | O51: =if($I51="LH2",$O50+$F51,$O50+0) -> 104.96 | P51: =if($I51="LD2",$P50+$F51,$P50+0) -> 255.67 | Q51: =if($I51="dummy",$Q50+$F51,$Q50+0) -> 27.61
B52: 2058 | C52: junk | D52: 32.261 | E52: 28.99 | F52: 0 | G52: 260002 | H52: 0 | I52: LH2 | J52: ps6=0 | L52: Sparse Off, Clust pair thresh = 750MeV, clust read thresh = 400MeV | O52: =if($I52="LH2",$O51+$F52,$O51+0) -> 104.96 | P52: =if($I52="LD2",$P51+$F52,$P51+0) -> 255.67 | Q52: =if($I52="dummy",$Q51+$F52,$Q51+0) -> 27.61
B53: 2059 | C53: junk | D53: 32.261 | E53: 28.86 | F53: 0 | G53: 244722 | H53: 0 | I53: LH2 | J53: ps6=2 | L53: Sparse Off, Clust pair thresh = 750MeV, clust read thresh = 400MeV | O53: =if($I53="LH2",$O52+$F53,$O52+0) -> 104.96 | P53: =if($I53="LD2",$P52+$F53,$P52+0) -> 255.67 | Q53: =if($I53="dummy",$Q52+$F53,$Q52+0) -> 27.61
B54: 2060 | C54: junk | D54: 32.261 | E54: 24.88 | F54: 0 | G54: 94435 | H54: 0 | I54: LH2 | J54: ps6=4 | L54: Sparse Off, Clust pair thresh = 750MeV, clust read thresh = 400MeV | O54: =if($I54="LH2",$O53+$F54,$O53+0) -> 104.96 | P54: =if($I54="LD2",$P53+$F54,$P53+0) -> 255.67 | Q54: =if($I54="dummy",$Q53+$F54,$Q53+0) -> 27.61
... B75: 2081 | C75: junk | D75: 32.261 | E75: 4.96 | F75: 0 | G75: 26613 | H75: 0 | I75: LD2 | J75: ps6=1 | L75: Clust pair thresh = 750MeV, clust read thresh = 400MeV | O75: =if($I75="LH2",$O74+$F75,$O74+0) -> 124.06 | P75: =if($I75="LD2",$P74+$F75,$P74+0) -> 387.14 | Q75: =if($I75="dummy",$Q74+$F75,$Q74+0) -> 27.61
B76: 2082 | C76: production | D76: 32.261 | E76: 4.89 | F76: 7.72 | G76: 1511128 | H76: 36.26 | I76: LD2 | J76: ps6=0 | L76: Clust pair thresh = 750MeV, clust read thresh = 400MeV | O76: =if($I76="LH2",$O75+#REF!,$O75+0) -> 124.06 | P76: =if($I76="LD2",$P75+$F76,$P75+0) -> 394.86 | Q76: =if($I76="dummy",$Q75+#REF!,$Q75+0) -> 27.61
B77: 2083 | C77: junk | D77: 32.261 | E77: 7.37 | F77: 0 | G77: 33418 | H77: 0 | I77: LD2 | J77: ps6=1 | L77: Sparse Off, Clust pair thresh = 750MeV, clust read thresh = 400MeV | O77: =if($I77="LH2",$O76+$F77,$O76+0) -> 124.06 | P77: =if($I77="LD2",$P76+$F77,$P76+0) -> 394.86 | Q77: =if($I77="dummy",$Q76+$F77,$Q76+0) -> 27.61
B78: 2084 | C78: junk | D78: 32.261 | E78: 5 | F78: 0 | G78: 0 | H78: 4 | I78: LD2 | J78: ps6=1 | L78: End of run coda error | O78: =if($I78="LH2",$O77+$F78,$O77+0) -> 124.06 | P78: =if($I78="LD2",$P77+$F78,$P77+0) -> 394.86 | Q78: =if($I78="dummy",$Q77+$F78,$Q77+0) -> 27.61
B79: 2085 | C79: production | D79: 32.261 | E79: 7.13 | F79: 6.22 | G79: 1720139 | H79: 15.58 | I79: LD2 | J79: ps6=3 | L79: Sparse Off, Clust pair thresh = 750MeV, clust read thresh = 400MeV | O79: =if($I79="LH2",$O78+$F79,$O78+0) -> 124.06 | P79: =if($I79="LD2",$P78+$F79,$P78+0) -> 401.08 | Q79: =if($I79="dummy",$Q78+$F79,$Q78+0) -> 27.61
B80: 2086 | C80: production | D80: 32.261 | E80: 7.16 | F80: 8.36 | G80: 2316560 | H80: 20.27 | I80: LD2 | J80: ps6=4 | L80: Sparse Off, Clust pair thresh = 750MeV, clust read thresh = 400MeV | O80: =if($I80="LH2",$O79+$F80,$O79+0) -> 124.06 | P80: =if($I80="LD2",$P79+$F80,$P79+0) -> 409.44 | Q80: =if($I80="dummy",$Q79+$F80,$Q79+0) -> 27.61
